http://www.vgregion.se/halsa-och-vard/vardgivarwebben/uppdrag-och-avtal/vardval-vg-primarvard/krav--och-kvalitetsbok-vg-primarvard/, 200
http://www.vgregion.se/om-vgr/statistik-analys/analysportalen/2016/fordonssektorn-i-vastra-gotaland-2007---2014/, 200
http://www.vgregion.se/om-vgr/organisation-och-verksamhet/miljovgr/miljoplan-2017-2020/kemikalier/, 200
http://www.vgregion.se/halsa-och-vard/vardgivarwebben/vardriktlinjer/Beslutsstod-overvikt-och-fetma/barn-och-unga/kommunniva/forskola/, 200
http://www.vgregion.se/halsa-och-vard/vardgivarwebben/uppdrag-och-avtal/tandvard/sarskilt-tandvardsstod/f-tandvard/f-9-orofacial-funktionsnedsattning/, 200
http://www.vgregion.se/OV/ism/stress--rad-och-behandling/for-dig-som-moter-patienter/hur-identifierar-vi-patienter-med-utmattningssyndrom/, 200
http://www.vgregion.se/om-vgr/organisation-och-verksamhet/revision/kontakt/, 200
http://www.vgregion.se/s/skaraborgs-sjukhus/vardgivare/sarwebben/bensar/produktgrupper-tidigare-upphandlingar/phmb-preparat/, 200
http://www.vgregion.se/halsa-och-vard/vardgivarwebben/vardriktlinjer/hjalpmedel/handbok-for-forskrivig-av-personliga-hjalpmedel/produktanvisningar2/synskada/221212-utrustning-for-manuell-punktskrift/, 200
http://www.vgregion.se/om-vgr/statistik-analys/analysportalen/2016/vardbehov-vastra-gotaland---somatisk-vard-och-halsoutfall-vid-samtidig-psykisk-sjukdom/, 200
http://www.vgregion.se/halsa-och-vard/vardgivarwebben/vardriktlinjer/lakemedel/terapirad/onkologi/, 200
http://www.vgregion.se/jobba-i-vgr/sa-ar-det-att-jobba-hos-oss/vara-yrken/, 200
http://www.vgregion.se/OV/ism/halsa-och-arbetsmiljo/kvinnor-och-mans-arbetsvillkor/friska-arbetsplatser-for-kvinnor-och-man-i-alla-aldrar/, 200
http://www.vgregion.se/jobba-i-vgr/Medarbetarportalen/vgr-koren/, 200
http://www.vgregion.se/halsa-och-vard/vardgivarwebben/vardriktlinjer/regionala-medicinska-riktlinjer/amnesomraden/njurar-och-urinvagar/, 200
http://www.vgregion.se/halsa-och-vard/vardgivarwebben/uppdrag-och-avtal/vardval-rehab/fragor-och-svar/innehall-fragor-och-svar/informationssystem-och-informationsteknologi-isit/, 200
http://www.vgregion.se/om-vgr/statistik-analys/halsolaget/sodra-namndomradet/halsa/vard-och-lakemedel/, 200
http://www.vgregion.se/halsa-och-vard/vardgivarwebben/amnesomraden2/patientsakerhet/vid-vardskada/avvikelser-och-patientsakerhetsarbetet/, 200
http://www.vgregion.se/s/skaraborgs-sjukhus/vardgivare/vald-i-nara-relationer/om-vald/, 200
http://www.vgregion.se/OV/ism/natverk-for-di-som-arbetar-med-stress/tidigare-natverkstraffar/2016/6-oktober/, 200
http://www.vgregion.se/s/kungalvs-sjukhus/nya-kungalvs-sjukhus/nyheter-nya-kungalvs-sjukhus2/mobler-och-inredning---mer-an-tycke-och-smak/, 200
http://www.vgregion.se/s/skaraborgs-sjukhus/vardgivare/sarwebben/bensar/remissforfarande/remiss-till-infektionslakare/, 200
http://www.vgregion.se/test/tabelltest-nysida/, 200
http://www.vgregion.se/regional-utveckling/aktuellt/fortsatt-satsning-i-skara-for-lantbruksnaringen2/, 200
http://www.vgregion.se/politik/protokoll-och-handlingar/protokoll-namnder-och-styrelser-for-halso--och-sjukvard/halso--och-sjukvardsnamnderna/ostra-halso--och-sjukvardsnamnden/, 200
http://www.vgregion.se/s/kungalvs-sjukhus/kontakt/administration/, 200
http://www.vgregion.se/halsa-och-vard/vardgivarwebben/vardadministration/personer-fran-andra-lander/turisthandboken/lander-a-o/Liechtenstein/, 200
http://www.vgregion.se/om-vgr/statistik-analys/halsolaget/sodra-namndomradet/livsvillkor/kultur-och-delaktighet/, 200
http://www.vgregion.se/halsa-och-vard/vardgivarwebben/vardadministration/patientavgiftshandboken/2.oppen-sjukvard/, 200
http://www.vgregion.se/halsa-och-vard/vardgivarwebben/vardadministration/hjalpmedel--och-kostnadsansvar-primarvard/hjalpmedelsansvariga/, 200
http://www.vgregion.se/s/skaraborgs-sjukhus/patient-hos-oss/sjukhuskyrkasjukhusimam/sjukhuskyrka/kontakt/, 200
http://www.vgregion.se/s/skaraborgs-sjukhus/jobba-hos-oss/vara-verksamheter/kardiologi/, 200
http://www.vgregion.se/regional-utveckling/verksamhetsomraden/miljo/klimat/, 200
http://www.vgregion.se/s/skaraborgs-sjukhus/vardgivare/sarwebben/bensar/bilder/larvbehandling/, 200
http://www.vgregion.se/halsa-och-vard/vardgivarwebben/uppdrag-och-avtal/kommunsamverkan/hosavtal/nyheter/samverkan-och-patientfokus-som-naring-i-processen-nar-det-nya-avtalet-vaxer-fram/, 200
http://www.vgregion.se/nyheter/press/beslut-i-regionfullmaktige/regionfullmaktige-2016-11-29/, 200
http://www.vgregion.se/s/skaraborgs-sjukhus/avdelningar-och-mottagningar/gynekologimottagning-skovde/barnloshet/, 200
http://www.vgregion.se/om-vgr/statistik-analys/halsolaget/sodra-namndomradet/levnadsvanor/fysisk-aktivitet/, 200
http://www.vgregion.se/halsa-och-vard/vardgivarwebben/vardriktlinjer/hjalpmedel/handbok-for-forskrivig-av-personliga-hjalpmedel/produktanvisningar2/horselskada/222403-telefoner-for-fasta-nat/, 200
http://www.vgregion.se/halsa-och-vard/vardgivarwebben/vardriktlinjer/hjalpmedel/handbok-for-forskrivig-av-personliga-hjalpmedel/produktanvisningar2/ortoser-proteser-och-skor/063021-ogonproteser/, 200
http://www.vgregion.se/halsa-och-vard/vardgivarwebben/uppfoljning/verksamhetsutveckling2/projekt/kom-hit-flykting/, 200
http://www.vgregion.se/s/alingsas-lasarett/avdelningar-och-mottagningar3/gynekologmottagningen/, 200
http://www.vgregion.se/s/skaraborgs-sjukhus/vardgivare/sarwebben/trycksar/atgard-vid-trycksar-klass-i---iv/, 200
http://www.vgregion.se/halsa-och-vard/vardgivarwebben/vardadministration/patientavgiftshandboken/4.privata-vardgivare/, 200
http://www.vgregion.se/OV/ism/halsa-och-arbetsmiljo/organisatorisk-arbetsmiljo/fordelning-av-arbetsuppgifter/, 200
http://www.vgregion.se/jobba-i-vgr/utbildning-och-kompetens/fortbildning-for-specialistlakare/anestesi-intensivvard/, 200
http://www.vgregion.se/s/skaraborgs-sjukhus/avdelningar-och-mottagningar/arbetsterapi-och-fysioterapi-lidkoping/, 200
http://www.vgregion.se/om-vgr/statistik-analys/analysportalen/2017/uppfoljning-av-td-ungdomsprojekt-2015-2016/, 200
http://www.vgregion.se/om-vgr/organisation-och-verksamhet/ansvarsomraden/, 200
http://www.vgregion.se/s/kungalvs-sjukhus/avdelningar-och-mottagningar/medicinmottagning/diabetes-och-hormonsjukdomar/, 200
http://www.vgregion.se/halsa-och-vard/vardgivarwebben/uppfoljning/verksamhetsutveckling2/projekt/journal-via-natet/kontaktpersoner-i-forvaltningarna/, 200
http://www.vgregion.se/regional-utveckling/verksamhetsomraden/vastra-gotaland-i-eu/VastraGotalandiEU/brysselkontoret/studiebesok-i-bryssel/, 200
http://www.vgregion.se/s/skaraborgs-sjukhus/press/, 200
http://www.vgregion.se/en/development/verksamhetsomraden/vastra-gotaland-i-eu/VastraGotalandiEU/brussels-office/researchandinnovation/, 200
http://www.vgregion.se/regional-utveckling/verksamhetsomraden/kulturregionen/nyheter/oversattarstodet-utreds/, 200
http://www.vgregion.se/s/skaraborgs-sjukhus/vardgivare/sarwebben/bensar/produkter-for-lokalbehandling-tidigare-upphandlingar/sorbact-gelkompress/, 200
http://www.vgregion.se/s/skaraborgs-sjukhus/avdelningar-och-mottagningar/vuxenpsykiatrisk-mottagning-skovde/, 200
http://www.vgregion.se/en/development/development/, 200
http://www.vgregion.se/om-vgr/statistik-analys/halsolaget/norra-namndomradet/befolkning/medellivslangd/, 200
http://www.vgregion.se/s/alingsas-lasarett/avdelningar-och-mottagningar3/medicinmottagningen/hematologi-blodsjukdomar/, 200
http://www.vgregion.se/regional-utveckling/verksamhetsomraden/externa-relationer/alla-nyheter/informationsmote-om-eus-investeringsplan/, 200
http://www.vgregion.se/om-vgr/organisation-och-verksamhet/inkop/bli-leverantor/begrepp-och-termer/, 200
http://www.vgregion.se/regional-utveckling/verksamhetsomraden/folkhalsa2/var-verksamhet/ruff/, 200
http://www.vgregion.se/halsa-och-vard/vardgivarwebben/vardriktlinjer/hjalpmedel/handbok-for-forskrivig-av-personliga-hjalpmedel/produktanvisningar2/medicinsk-behandling/041924-infusionspumpar-pump-for-medicinering-och-parenteral-nutrition/, 200
http://www.vgregion.se/halsa-och-vard/vardgivarwebben/uppdrag-och-avtal/kommunsamverkan/mobilnarvard/, 200
http://www.vgregion.se/s/skaraborgs-sjukhus/avdelningar-och-mottagningar/lungonkologisk-mottagning-skovde/, 200
http://www.vgregion.se/politik/politisk-organisation/namnder-och-styrelser/kulturnamnden/, 200
http://www.vgregion.se/s/skaraborgs-sjukhus/graviditet-och-forlossning/nar-barnet-ar-fott/sjuka-och-for-tidigt-fodda-barn/, 200
http://www.vgregion.se/regional-utveckling/kontakt/kontakt-tillganglighetsdatabasen/, 200
http://www.vgregion.se/halsa-och-vard/vardgivarwebben/vardadministration/personer-fran-andra-lander/turisthandboken/lander-a-o/Malaysia/, 200
http://www.vgregion.se/halsa-och-vard/vardgivarwebben/uppdrag-och-avtal/kommunsamverkan/hjalpmedel/hjalpmedel/samarbetsorganisation/, 200
http://www.vgregion.se/halsa-och-vard/vardgivarwebben/uppdrag-och-avtal/vardval-rehab/krav--och-kvalitetsbok/karta-over-rehabenheter-inom-vardval-rehab/, 200
http://www.vgregion.se/halsa-och-vard/vardgivarwebben/vardriktlinjer/hjalpmedel/handbok-for-forskrivig-av-personliga-hjalpmedel/produktanvisningar2/ortoser-proteser-och-skor/061215-hoftledsortoser/, 200
http://www.vgregion.se/regional-utveckling/verksamhetsomraden/kulturregionen/dokument-och-media2/kulturens-kronika/kulturens-kronika-februari-2017/, 200
http://www.vgregion.se/regional-utveckling/verksamhetsomraden/miljo/bidrag-till-miljoprojekt/mn-riktlinjer/, 200
http://www.vgregion.se/om-vgr/statistik-analys/analysportalen/2017/livsmedelsacceleratorn/, 200
http://www.vgregion.se/s/skaraborgs-sjukhus/vardgivare/sarwebben/bensar/produkter-for-lokalbehandling-tidigare-upphandlingar/polymax/, 200
http://www.vgregion.se/s/skaraborgs-sjukhus/vardgivare/vardsamverkan/, 200
http://www.vgregion.se/halsa-och-vard/vardgivarwebben/vardadministration/personer-fran-andra-lander/turisthandboken/lander-a-o/Grenada/, 200
http://www.vgregion.se/s/kungalvs-sjukhus/avdelningar-och-mottagningar/intensivvardsavdelning2/elkonvertering/, 200
http://www.vgregion.se/politik/protokoll-och-handlingar/namnder-och-styrelser/styrelsen-for-vastarvet/, 200
http://www.vgregion.se/halsa-och-vard/vardgivarwebben/vardadministration/personer-fran-andra-lander/turisthandboken/lander-a-o/Jamaica/, 200
http://www.vgregion.se/s/skaraborgs-sjukhus/vardgivare/sarwebben/bensar/remissforfarande/remiss-till-diabetesfotteamet/, 200
http://www.vgregion.se/halsa-och-vard/vardgivarwebben/vardriktlinjer/hjalpmedel/handbok-for-forskrivig-av-personliga-hjalpmedel/produktanvisningar2/horselskada/222709-indikatorer-med-mekaniska-signaler/, 200
http://www.vgregion.se/halsa-och-vard/vardgivarwebben/vardriktlinjer/lakemedel/kommunala-akutforrad/, 200
http://www.vgregion.se/politik/politisk-organisation/beredningar-kommiteer-och-utskott/politiksida228/kallelser-och-motesanteckningar/, 200
http://www.vgregion.se/OV/ism/halsa-och-arbetsmiljo/hallbart-ledarskap/ism-rapporter/, 200
http://www.vgregion.se/nyheter/press/verksamheternas-hemsidor/, 200
http://www.vgregion.se/kollektivtrafik/, 200
http://www.vgregion.se/s/skaraborgs-sjukhus/avdelningar-och-mottagningar/rontgen-skovde/, 200
http://www.vgregion.se/om-vgr/satsningar-och-samarbeten/skolmatsakademin/aktiviteter/genomforda-aktiviteter/genomforda-aktiviteter/studiebesok-tema-fisk-2016-11-11/, 200
http://www.vgregion.se/om-vgr/organisation-och-verksamhet/kommunikation/ny-sida2/sprakonsulttjanster/, 200
http://www.vgregion.se/s/skaraborgs-sjukhus/jobba-hos-oss/vara-yrken/fysioterapeut/, 200
http://www.vgregion.se/om-vgr/organisation-och-verksamhet/kommunikation/visuell-profil/farger/, 200
http://www.vgregion.se/OV/ism/stress--rad-och-behandling/utmattningssyndrom/rad-och-behandling/, 200
http://www.vgregion.se/regional-utveckling/kontakt/, 200
http://www.vgregion.se/regional-utveckling/verksamhetsomraden/kulturregionen/ekonomiska-stod/stod-a-o/stod-for-organisationer/konstvandringar/, 200
http://www.vgregion.se/regional-utveckling/verksamhetsomraden/vastra-gotaland-i-eu/VastraGotalandiEU/brysselkontoret/kontaktuppgifter/, 200
http://www.vgregion.se/halsa-och-vard/vardgivarwebben/amnesomraden2/jamlik-vard/personcentrerad-patient--och-narstaendeutbildning/ersattning-och-blankett-for-utbetalning/, 200
http://www.vgregion.se/halsa-och-vard/vardgivarwebben/vardriktlinjer/hjalpmedel/handbok-for-forskrivig-av-personliga-hjalpmedel/produktanvisningar2/synskada/221221-barbara-anteckningsapparater-for-punktskriftsanvandare/, 200
