http://www.arbetsformedlingen.se, 200
http://www.arvidsjaur.se, 200
http://www.berg.se, 200
http://www.bolagsverket.se, 200
http://www.bollebygd.se, 200
http://www.botkyrka.se, 200
http://www.boverket.se, 200
http://www.bastad.se, 200
http://www.csn.se, 200
http://www.degerfors.se, 200
http://www.dorotea.se, 200
http://eskilstuna.se, 200
http://www.falkenberg.se, 200
http://www.falkoping.se, 200
http://www.falun.se, 200
http://www.forshaga.se, 200
http://www.gnesta.se, 200
http://www.grums.se, 200
http://www.gullspang.se, 200
http://www.gavle.se, 200
http://www.gotene.se, 200
http://www.halmstad.se, 200
http://www.haparanda.se, 200
http://www.havochvatten.se, 200
http://www.heby.se, 200
http://www.helsingborg.se, 200
http://www.huddinge.se, 200
http://www.hultsfred.se, 200
http://www.hylte.se, 200
http://www.habo.se, 200
http://www.hellefors.se, 200
http://www.harnosand.se, 200
http://www.hig.se, 200
http://www.sofi.se, 200
http://www.kalix.se, 200
http://www.karlshamn.se, 200
http://www.karlskoga.se, 200
http://www.karlskrona.se, 200
http://www.karlstad.se, 200
http://www.kinda.se, 200
http://www.konstfack.se, 200
http://www.kramfors.se, 200
http://www.krokom.se, 200
http://www.kb.se, 200
http://www.ltkronoberg.se, 200
http://www.lantmateriet.se, 200
http://www.lekeberg.se, 200
http://www.lerum.se, 200
http://www.lidingo.se, 200
http://www.lidkoping.se, 200
http://www.lindesberg.se, 200
http://www.linkoping.se, 200
http://www.ljungby.se, 200
http://www.lulea.se, 200
http://www.lund.se, 200
http://www.lansstyrelsen.se/blekinge, 200
http://www.w.lst.se, 200
http://www.lansstyrelsen.se/gavleborg, 200
http://www.lansstyrelsen.se/jamtland, 200
http://www.lansstyrelsen.se/jonkoping, 200
http://www.lansstyrelsen.se/kalmar, 200
http://www.lansstyrelsen.se/kronoberg, 200
http://www.ab.lst.se, 200
http://www.d.lst.se, 200
http://www.lansstyrelsen.se/varmland, 200
http://www.ac.lst.se, 200
http://www.y.lst.se, 200
http://www.lansstyrelsen.se/vastragotaland, 200
http://www.lansstyrelsen.se/orebro, 200
http://www.mariestad.se, 200
http://www.migrationsverket.se, 200
http://www.msb.se, 200
http://www.molndal.se, 200
http://www.nacka.se, 200
http://www.naturvardsverket.se, 200
http://www.norrkoping.se, 200
http://www.olofstrom.se, 200
http://www.orust.se, 200
http://www.oxelosund.se, 200
http://www.pensionsmyndigheten.se, 200
http://www.pitea.se, 200
http://www.pts.se, 200
http://www.ragunda.se, 200
http://www.gotland.se, 200
http://www.skane.se, 200
http://www.raa.se, 200
http://www.riksdagen.se, 200
http://www.sala.se, 200
http://www.salem.se, 200
http://www.sandviken.se, 200
http://www.sida.se, 200
http://www.simrishamn.se, 200
http://www.sjobo.se, 200
http://www.skatteverket.se, 200
http://www.skelleftea.se, 200
http://www.skinnskatteberg.se, 200
http://www.skovde.se, 200
http://www.socialstyrelsen.se, 200
http://www.sollentuna.se, 200
http://www.scb.se, 200
http://www.stockholm.se, 200
http://www.stralsakerhetsmyndigheten.se, 200
http://www.strangnas.se, 200
http://www.stromsund.se, 200
http://www.swedac.se, 200
http://www.sundbyberg.se, 200
http://www.sundsvall.se, 200
http://www.sunne.se, 200
http://www.sgu.se, 200
http://www.smhi.se, 200
http://www.soderhamn.se, 200
http://www.soderkoping.se, 200
http://www.sodertalje.se, 200
http://www.solvesborg.se, 200
http://www.tanum.se, 200
http://www.tidaholm.se, 200
http://www.tierp.se, 200
http://www.timra.se, 200
http://www.tjorn.se, 200
http://www.tomelilla.se, 200
http://www.torsby.se, 200
http://www.trafikverket.se, 200
http://www.transportstyrelsen.se, 200
http://www.tranas.se, 200
http://www.trollhattan.se, 200
http://www.toreboda.se, 200
http://www.uddevalla.se, 200
http://www.umea.se, 200
http://www.upplandsvasby.se, 200
http://www.upplands-bro.se, 200
http://www.uppsala.se, 200
http://www.vara.se, 200
http://www.varberg.se, 200
http://www.vinnova.se, 200
http://www.vetlanda.se, 200
http://www.vimmerby.se, 200
http://www.vindeln.se, 200
http://www.vargarda.se, 200
http://www.varmdo.se, 200
http://www.vastervik.se, 200
http://www.vasteras.se, 200
http://www.vgregion.se, 200
http://www.ystad.se, 200
http://www.ange.se, 200
http://www.asele.se, 200
http://www.alvkarleby.se, 200
http://www.engelholm.se, 200
http://www.orebro.se, 200
http://www.ostersund.se, 200
http://www.ale.se, 200
http://www.alingsas.se, 200
http://www.alingsastingsratt.domstol.se, 200
http://www.kammarkollegiet.se/rattsavdelningen/alkoholsortimentsnamnden, 200
http://www.arn.se, 200
http://www.alvesta.se, 200
http://www.ap2.se, 200
http://www.aneby.se, 200
http://www.arbetsdomstolen.se, 200
http://www.arbetsgivarverket.se, 200
http://www.av.se, 200
http://www.arboga.se, 200
http://www.arjeplog.se, 200
http://www.arvsfonden.se, 200
http://www.arvika.se, 200
http://www.askersund.se, 200
http://www.attundatingsratt.domstol.se, 200
http://www.avesta.se, 200
http://www.bo.se, 200
http://www.bengtsfors.se, 200
http://www.bjurholm.se, 200
http://www.bjuv.se, 200
http://www.bth.se, 200
http://www.blekingetingsratt.domstol.se, 200
http://www.boden.se, 200
http://www.bfn.se, 200
http://www.bollnas.se, 200
http://www.borgholm.se, 200
http://www.borlange.se, 200
http://www.boras.se, 200
http://www.borastingsratt.domstol.se, 200
http://www.boxholm.se, 200
http://www.bromolla.se, 200
http://www.bra.se, 200
http://www.brottsoffermyndigheten.se, 200
http://www.bracke.se, 200
http://www.burlov.se, 200
http://www.epn.se, 200
http://www.dalsed.se, 200
http://www.danderyd.se, 200
http://www.datainspektionen.se, 200
http://www.do.se, 200
http://www.domstol.se/Om-Sveriges-Domstolar/Domarnamnden, 200
http://www.domstol.se, 200
http://www.ehalsomyndigheten.se, 200
http://www.elegnamnden.se, 200
http://www.eda.se, 200
http://www.ekero.se, 200
http://www.ekobrottsmyndigheten.se, 200
http://www.esv.se, 200
http://www.eksjo.se, 200
http://www.eksjotingsratt.domstol.se, 200
http://www.elsakerhetsverket.se, 200
http://www.emmaboda.se, 200
http://www.energimarknadsinspektionen.se, 200
http://www.enkoping.se, 200
http://www.ersattningsnamnden.se, 522
http://www.eskilstunatingsratt.domstol.se, 200
http://www.eslov.se, 200
http://www.essunga.se, 200
http://www.ekn.se, 200
http://www.fagersta.se, 200
http://www.falutingsratt.domstol.se, 200
http://www.fmi.se, 200
http://www.kammarkollegiet.se/rattsavdelningen/fideikommissnamnden/fideikommissnamnden, 404
http://www.filipstad.se, 200
http://www.fi.se, 200
http://www.finanspolitiskaradet.se, 200
http://www.finspang.se, 200
http://www.ap4.se, 200
http://www.flen.se, 200
http://www.folkebernadotteacademy.se, 200
http://www.folkhalsomyndigheten.se, 200
http://www.forskarskattenamnden.se, 200
http://www.formas.se, 200
http://www.fas.se, 200
http://www.fortv.se, 200
http://www.levandehistoria.se, 200
http://www.fargelanda.se, 200
http://www.ap1.se, 200
http://www.fmv.se, 200
http://www.fra.se, 200
http://www.fxm.se, 200
http://www.fhs.se, 200
http://www.forsvarsmakten.se, 200
http://www.undom.se, 200
http://www.forsakringskassan.se, 200
http://www.lansrattenigoteborg.domstol.se, 200
http://www.lansrattenivasternorrland.domstol.se, 200
http://www.lansrattenijonkoping.domstol.se, 200
http://www.lansrattenivarmland.domstol.se, 200
http://www.forvaltningsrattenilinkoping.domstol.se, 200
http://www.lansratteninorrbotten.domstol.se, 200
http://www.lansratteniskane.domstol.se, 200
http://www.lansrattenistockholm.domstol.se, 200
http://www.forvaltningsratteniumea.domstol.se, 200
http://www.lansratteniuppsala.domstol.se, 200
http://www.forvaltningsrattenivaxjo.domstol.se, 200
http://www.gagnef.se, 200
http://www.genteknik.se, 200
http://www.gislaved.se, 200
http://www.gnosjo.se, 200
http://www.gotlandstingsratt.domstol.se, 200
http://www.grastorp.se, 200
http://www.gih.se, 200
http://www.gellivare.se, 200
http://www.gavletingsratt.domstol.se, 200
http://www.gotahovratt.se, 200
http://www.goteborg.se, 200
http://www.goteborgstingsratt.domstol.se, 200
http://www.gu.se, 200
http://www.habokommun.se, 200
http://www.hagfors.se, 200
http://www.hallsberg.se, 200
http://www.hallstahammar.se, 200
http://www.halmstadstingsratt.domstol.se, 200
http://www.hammaro.se, 200
http://www.haninge.se, 200
http://www.harpsund.se, 200
http://www.hedemora.se, 200
http://www.helsingborgstingsratt.domstol.se, 200
http://www.herrljunga.se, 200
http://www.hjo.se, 200
http://www.hofors.se, 200
http://www.hovrattenfornedrenorrland.se, 200
http://www.hovrattenskaneblekinge.domstol.se, 200
http://www.vastrahovratten.domstol.se, 200
http://www.hovrattenovrenorrland.domstol.se, 200
http://www.hudiksvall.se, 200
http://www.hudiksvallstingsratt.domstol.se, 200
http://www.hyresnamnden.se, 200
http://www.hsan.se, 200
http://www.herjedalen.se, 200
http://www.harryda.se, 200
http://www.hassleholm.se, 200
http://www.hassleholmstingsratt.domstol.se, 200
http://www.hoganas.se, 200
http://www.hogsby.se, 200
http://www.du.se, 200
http://www.hb.se, 200
http://www.hh.se, 200
http://www.his.se, 200
http://www.hkr.se, 200
http://www.hv.se, 200
http://www.hogstadomstolen.se, 200
http://www.regeringsratten.se, 200
http://www.horby.se, 200
http://www.hoor.se, 200
http://www.ilo.org, 200
http://www.iaf.se, 200
http://www.inspsf.se, 200
http://www.isp.se, 200
http://www.ivo.se, 200
http://www.ifau.se, 200
http://www.irf.se, 200
http://www.programkontoret.se, 520
http://www.jokkmokk.se, 200
http://www.justitiekanslern.se, 200
http://www.jll.se, 200
http://www.jarfalla.se, 200
http://www.jonkoping.se, 200
http://www.jonkopingstingsratt.domstol.se, 200
http://www.kalmar.se, 200
http://www.kalmartingsratt.domstol.se, 200
http://www.kammarkollegiet.se, 200
http://www.kammarratten.goteborg.se, 200
http://www.kammarrattenijonkoping.domstol.se, 200
http://www.kammarrattenistockholm.domstol.se, 200
http://www.kammarrattenisundsvall.se, 200
http://www.karlsborg.se, 200
http://www.kau.se, 200
http://www.ki.se, 200
http://www.katrineholm.se, 200
http://www.kemi.se, 200
http://www.kil.se, 200
http://www.kommun.kiruna.se, 200
http://www.klippan.se, 200
http://www.knivsta.se, 200
http://www.kommers.se, 200
http://www.konj.se, 200
http://www.konkurrensverket.se, 200
http://www.konstnarsnamnden.se, 200
http://www.konsumentverket.se, 200
http://www.kriminalvarden.se, 200
http://www.kristianstad.se, 200
http://www.kristianstadstingsratt.domstol.se, 200
http://www.kristinehamn.se, 200
http://www.kronofogden.se, 200
http://www.kumla.se, 200
http://www.kkh.se, 200
http://www.kmh.se, 200
http://www.kth.se, 200
http://www.kungsbacka.se, 200
http://www.kungsor.se, 200
http://www.kungalv.se, 200
http://www.kustbevakningen.se, 200
http://www.karnavfallsfonden.se, 200
http://www.kavlinge.se, 200
http://www.koping.se, 200
http://www.lagradet.se, 200
http://www.laholm.se, 200
http://www.landskrona.se, 200
http://www.ltblekinge.se, 200
http://www.ltdalarna.se, 200
http://www.lg.se, 200
http://www.lj.se, 200
http://www.ltkalmar.se, 200
http://www.lul.se, 200
http://www.liv.se, 200
http://www.lio.se, 200
http://www.landstingetsormland.se, 200
http://www.lvn.se, 200
http://www.ltv.se, 200
http://www.laxa.se, 200
http://www.leksand.se, 200
http://www.lessebo.se, 200
http://www.lillaedet.se, 200
http://www.linkopingstingsratt.domstol.se, 200
http://www.liu.se, 200
http://www.linneuniversitetet.se, 520
http://www.lsh.se, 200
http://www.slv.se, 200
http://www.ljusdal.se, 520
http://www.ljusnarsberg.se, 200
http://www.lomma.se, 200
http://www.lotteriinspektionen.se, 200
http://www.ludvika.se, 200
http://www.lfv.se, 200
http://www.ltu.se, 200
http://www.lundstingsratt.domstol.se, 200
http://www.lu.se, 200
http://www.lycksele.se, 200
http://www.lyckseletingsratt.domstol.se, 200
http://www.lysekil.se, 200
http://www.lakemedelsverket.se, 200
http://www.lansstyrelsen.se/gotland, 200
http://www.lansstyrelsen.se/halland, 200
http://www.bd.lst.se, 200
http://www.lansstyrelsen.se/skane, 200
http://www.lansstyrelsen.se/uppsala, 200
http://www.lansstyrelsen.se/vastmanland, 200
http://www.lansstyrelsen.se/ostergotland, 200
http://www.mah.se, 200
http://www.malmo.se, 200
http://www.malmotingsratt.domstol.se, 200
http://www.malung-salen.se, 200
http://www.mala.se, 200
http://www.markaryd.se, 200
http://www.marknadsdomstolen.se, 200
http://www.mark.se, 200
http://www.mi.se, 200
http://www.mellerud.se, 200
http://www.miun.se, 200
http://www.mjolby.se, 200
http://www.modernamuseet.se, 200
http://www.mora.se, 200
http://www.moratingsratt.domstol.se, 200
http://www.motala.se, 200
http://www.mullsjo.se, 200
http://www.munkedal.se, 200
http://www.munkfors.se, 200
http://www.mfd.se, 200
http://www.mia.eu, 200
http://www.kulturanalys.se, 200
http://www.radioochtv.se, 200
http://www.mtm.se, 200
http://www.tillvaxtanalys.se, 200
http://www.vardanalys.se, 200
http://www.yhmyndigheten.se, 520
http://www.mdh.se, 200
http://www.monsteras.se, 200
http://www.morbylanga.se, 200
http://www.nackatingsratt.domstol.se, 200
http://www.nationalmuseum.se, 200
http://www.nrm.se, 200
http://www.nora.se, 200
http://www.norberg.se, 200
http://www.nordanstig.se, 200
http://www.nai.uu.se, 522
http://www.nordmaling.se, 200
http://www.nll.se, 200
http://www.norrkopingstingsratt.domstol.se, 200
http://www.norrtalje.se, 200
http://www.norrtaljetingsratt.domstol.se, 200
http://www.norsjo.se, 200
http://www.domstol.se/templates/DV_InfoPage.aspx?id=3805, 200
http://www.nybro.se, 200
http://www.nykvarn.se, 200
http://www.nykoping.se, 200
http://www.nykopingstingsratt.domstol.se, 200
http://www.nynashamn.se, 200
http://www.nfh.se, 200
http://www.sst.a.se, 200
http://www.namndenmotdiskriminering.se, 520
http://www.nassjo.se, 200
http://www.ockelbo.se, 200
http://www.orsa.se, 200
http://www.osby.se, 200
http://www.oskarshamn.se, 200
http://www.ovanaker.se, 200
http://www.pajala.se, 200
http://www.pbr.se, 200
http://www.partille.se, 200
http://www.prv.se, 200
http://www.perstorp.se, 200
http://www.polar.se, 200
http://www.polisen.se/vasternorrland, 200
http://www.polisen.se/blekinge, 200
http://www.polisen.se/dalarna, 200
http://www.polisen.se/Gotlands_lan, 200
http://www.polisen.se/Gavleborg, 200
http://www.polisen.se/halland, 200
http://www.polisen.se/jamtland, 200
http://www.polisen.se/jonkoping, 200
http://www.polisen.se/kalmar, 200
http://www.polisen.se/kronoberg, 200
http://www.polisen.se/norrbotten, 200
http://www.polisen.se/skane, 200
http://www.polisen.se/sodermanland, 200
http://www.polisen.se/uppsala, 200
http://www.polisen.se/varmland, 200
http://www.polisen.se/vasterbotten, 200
http://www.polisen.se/vastmanland, 200
http://www.polisen.se/Vastra_Gotaland, 200
http://www.polisen.se/Orebro_lan, 200
http://www.polisen.se/ostergotland, 200
http://www.presstodsnamnden.se, 520
http://www.regeringen.se, 200
http://www.regionhalland.se, 200
http://www.epn.se/goeteborg/om-naemnden, 200
http://www.epn.se/linkoeping/om-naemnden, 200
http://www.epn.se/lund/om-naemnden, 200
http://www.epn.se/stockholm/om-naemnden, 200
http://www.epn.se/umeaa/om-naemnden, 200
http://www.epn.se/uppsala/om-naemnden, 200
http://www.revisorsnamnden.se, 200
http://www.riksarkivet.se, 200
http://www.jo.se, 200
http://www.riksgalden.se, 200
http://www.polisen.se, 200
http://www.riksrevisionen.se, 200
http://www.riksutstallningar.se, 200
http://www.robertsfors.se, 200
http://www.ronneby.se, 200
http://www.rymdstyrelsen.se, 200
http://www.domstol.se/rattshjalpsnamnden, 200
http://www.rattshjalp.se, 200
http://www.rmv.se, 200
http://www.rattvik.se, 200
http://www.sameskolstyrelsen.se, 200
http://www.sametinget.se, 200
http://www.sigtuna.se, 200
http://www.ap7.se, 200
http://www.apfond6.se, 200
http://www.sjofartsverket.se, 200
http://www.skara.se, 200
http://www.skaraborgstingsratt.domstol.se, 200
http://www.skatterattsnamnden.se, 200
http://www.skellefteatingsratt.domstol.se, 200
http://www.kammarkollegiet.se, 200
http://www.svo.se, 200
http://www.overklagandenamnden.se, 200
http://www.skurup.se, 200
http://www.smedjebacken.se, 200
http://www.solleftea.se, 200
http://www.solna.se, 200
http://www.solnatingsratt.domstol.se, 200
http://www.sorsele.se, 200
http://www.sotenas.se, 200
http://www.spsm.se, 200
http://www.staffanstorp.se, 200
http://www.statensansvarsnamnd.se, 200
http://www.sbu.se, 200
http://www.arkitekturmuseet.se, 520
http://www.energimyndigheten.se, 200
http://www.sfv.se, 200
http://www.sfhm.se, 200
http://www.swedgeo.se, 200
http://www.havkom.se, 200
http://www.historiska.se, 200
http://www.siun.se, 200
http://www.stat-inst.se, 200
http://www.sjv.se, 200
http://www.statenskonstrad.se, 200
http://www.skl.polisen.se, 200
http://www.kulturradet.se, 200
http://www.maritima.se, 200
http://www.statensmedierad.se, 200
http://www.smvk.se, 200
http://www.smus.se, 200
http://www.statenspersonadressregister.se, 200
http://www.statenssc.se, 200
http://www.kammarkollegiet.se, 200
http://www.skolinspektionen.se, 200
http://www.skolverket.se, 200
http://www.spv.se, 200
http://www.va-namnden.se, 404
http://www.sva.se, 200
http://www.vti.se, 200
http://www.kammarkollegiet.se/statens-oeverklagandenaemnd, 404
http://www.statskontoret.se, 200
http://www.stenungsund.se, 200
http://www.uniarts.se, 200
http://www.sll.se, 200
http://www.stockholmstingsratt.se, 200
http://www.su.se, 200
http://www.storfors.se, 200
http://www.storuman.se, 200
http://www.stromstad.se, 200
http://www.sundsvallstingsratt.se, 200
http://www.surahammar.se, 200
http://www.svalov.se, 200
http://www.svea.se, 200
http://www.svedala.se, 200
http://www.svenljunga.se, 200
http://www.esf.se, 200
http://www.si.se, 200
http://www.sieps.se, 200
http://www.svk.se, 200
http://www.svff.se, 200
http://www.slu.se, 200
http://www.riksbank.se, 200
http://www.saffle.se, 200
http://www.sakint.se, 200
http://www.sakerhetspolisen.se, 200
http://www.sater.se, 200
http://www.savsjo.se, 200
http://www.sodertaljetingsratt.domstol.se, 200
http://webappl.web.sh.se, 520
http://www.sodertornstingsratt.domstol.se, 200
http://www.lfn.se, 520
http://www.tibro.se, 200
http://www.tillvaxtverket.se, 200
http://www.tingsryd.se, 200
http://www.torsas.se, 200
http://www.foi.se, 200
http://www.pliktverket.se, 200
http://www.trafa.se, 200
http://www.tranemo.se, 200
http://www.ap3.se, 200
http://www.trelleborg.se, 200
http://www.trosa.se, 200
http://www.tullverket.se, 200
http://www.tyreso.se, 200
http://www.taby.se, 200
http://www.uddevallatingsratt.domstol.se, 200
http://www.ulricehamn.se, 200
http://www.umeatingsratt.domstol.se, 200
http://www.umu.se, 200
http://www.ungdomsstyrelsen.se, 200
http://www.uhr.se, 200
http://www.uk-ambetet.se, 200
http://www.uu.se, 200
http://www.uppvidinge.se, 200
http://www.vadstena.se, 200
http://www.vaggeryd.se, 200
http://www.valdemarsvik.se, 200
http://www.vallentuna.se, 200
http://www.val.se, 200
http://www.vansbro.se, 200
http://www.varbergstingsratt.domstol.se, 200
http://www.vaxholm.se, 200
http://www.vellinge.se, 200
http://www.vr.se, 200
http://www.vilhelmina.se, 200
http://www.vingaker.se, 200
http://www.vanersborg.se, 200
http://www.vanersborgstingsratt.domstol.se, 200
http://www.vannas.se, 200
http://www.varmlandstingsratt.domstol.se, 200
http://www.varnamo.se, 200
http://www.vll.se, 200
http://www.vastmanlandstingsratt.domstol.se, 200
http://www.vaxjo.se, 200
http://www.vaxjotingsratt.domstol.se, 200
http://www.ydre.se, 200
http://www.aklagare.se, 200
http://www.amal.se, 200
http://www.angermanlandstingsratt.domstol.se, 200
http://www.are.se, 200
http://www.arjang.se, 200
http://www.astorp.se, 200
http://www.atvidaberg.se, 200
http://www.almhult.se, 200
http://www.alvdalen.se, 200
http://www.alvsbyn.se, 200
http://www.ockero.se, 200
http://www.odeshog.se, 200
http://www.orebroll.se, 520
http://www.orebrotingsratt.domstol.se, 200
http://www.orkelljunga.se, 200
http://www.oru.se, 200
http://www.ornskoldsvik.se, 200
http://www.ostersundstingsratt.domstol.se, 200
http://www.osteraker.se, 200
http://www.osthammar.se, 200
http://www.ostragoinge.se, 200
http://www.overkalix.se, 200
http://www.onh.se, 200
http://www.domstol.se/templates/DV_Page.aspx?id=4073, 200
http://www.oks.se, 200
http://www.overtornea.se, 200
