http://www.arbetsformedlingen.se/robots.txt, 520
http://www.arvidsjaur.se/robots.txt, 404
http://www.berg.se/robots.txt, 200
http://www.bolagsverket.se/robots.txt, 200
http://www.bollebygd.se/robots.txt, 200
http://www.botkyrka.se/robots.txt, 200
http://www.boverket.se/robots.txt, 200
http://www.bastad.se/robots.txt, 403
http://www.csn.se/robots.txt, 200
http://www.degerfors.se/robots.txt, 200
http://www.dorotea.se/robots.txt, 404
http://eskilstuna.se/robots.txt, 200
http://www.falkenberg.se/robots.txt, 200
http://www.falkoping.se/robots.txt, 200
http://www.falun.se/robots.txt, 200
http://www.forshaga.se/robots.txt, 200
http://www.gnesta.se/robots.txt, 200
http://www.grums.se/robots.txt, 200
http://www.gullspang.se/robots.txt, 200
http://www.gavle.se/robots.txt, 200
http://www.gotene.se/robots.txt, 200
http://www.halmstad.se/robots.txt, 200
http://www.haparanda.se/robots.txt, 200
http://www.havochvatten.se/robots.txt, 200
http://www.heby.se/robots.txt, 200
http://www.helsingborg.se/robots.txt, 404
http://www.huddinge.se/robots.txt, 200
http://www.hultsfred.se/robots.txt, 200
http://www.hylte.se/robots.txt, 200
http://www.habo.se/robots.txt, 200
http://www.hellefors.se/robots.txt, 200
http://www.harnosand.se/robots.txt, 200
http://www.hig.se/robots.txt, 200
http://www.sofi.se/robots.txt, 200
http://www.kalix.se/robots.txt, 404
http://www.karlshamn.se/robots.txt, 200
http://www.karlskoga.se/robots.txt, 200
http://www.karlskrona.se/robots.txt, 200
http://www.karlstad.se/robots.txt, 200
http://www.kinda.se/robots.txt, 200
http://www.konstfack.se/robots.txt, 200
http://www.kramfors.se/robots.txt, 200
http://www.krokom.se/robots.txt, 200
http://www.kb.se/robots.txt, 404
http://www.ltkronoberg.se/robots.txt, 200
http://www.lantmateriet.se/robots.txt, 200
http://www.lekeberg.se/robots.txt, 200
http://www.lerum.se/robots.txt, 200
http://www.lidingo.se/robots.txt, 200
http://www.lidkoping.se/robots.txt, 200
http://www.lindesberg.se/robots.txt, 200
http://www.linkoping.se/robots.txt, 200
http://www.ljungby.se/robots.txt, 404
http://www.lulea.se/robots.txt, 200
http://www.lund.se/robots.txt, 200
http://www.lansstyrelsen.se/blekinge/robots.txt, 404
http://www.w.lst.se/robots.txt, 404
http://www.lansstyrelsen.se/gavleborg/robots.txt, 404
http://www.lansstyrelsen.se/jamtland/robots.txt, 404
http://www.lansstyrelsen.se/jonkoping/robots.txt, 404
http://www.lansstyrelsen.se/kalmar/robots.txt, 404
http://www.lansstyrelsen.se/kronoberg/robots.txt, 404
http://www.ab.lst.se/robots.txt, 404
http://www.d.lst.se/robots.txt, 404
http://www.lansstyrelsen.se/varmland/robots.txt, 404
http://www.ac.lst.se/robots.txt, 404
http://www.y.lst.se/robots.txt, 404
http://www.lansstyrelsen.se/vastragotaland/robots.txt, 200
http://www.lansstyrelsen.se/orebro/robots.txt, 404
http://www.mariestad.se/robots.txt, 200
http://www.migrationsverket.se/robots.txt, 200
http://www.msb.se/robots.txt, 200
http://www.molndal.se/robots.txt, 200
http://www.nacka.se/robots.txt, 200
http://www.naturvardsverket.se/robots.txt, 200
http://www.norrkoping.se/robots.txt, 200
http://www.olofstrom.se/robots.txt, 200
http://www.orust.se/robots.txt, 200
http://www.oxelosund.se/robots.txt, 200
http://www.pensionsmyndigheten.se/robots.txt, 404
http://www.pitea.se/robots.txt, 200
http://www.pts.se/robots.txt, 200
http://www.ragunda.se/robots.txt, 200
http://www.gotland.se/robots.txt, 404
http://www.skane.se/robots.txt, 200
http://www.raa.se/robots.txt, 200
http://www.riksdagen.se/robots.txt, 200
http://www.sala.se/robots.txt, 200
http://www.salem.se/robots.txt, 200
http://www.sandviken.se/robots.txt, 200
http://www.sida.se/robots.txt, 200
http://www.simrishamn.se/robots.txt, 404
http://www.sjobo.se/robots.txt, 200
http://www.skatteverket.se/robots.txt, 200
http://www.skelleftea.se/robots.txt, 200
http://www.skinnskatteberg.se/robots.txt, 200
http://www.skovde.se/robots.txt, 404
http://www.socialstyrelsen.se/robots.txt, 404
http://www.sollentuna.se/robots.txt, 200
http://www.scb.se/robots.txt, 200
http://www.stockholm.se/robots.txt, 200
http://www.stralsakerhetsmyndigheten.se/robots.txt, 200
http://www.strangnas.se/robots.txt, 404
http://www.stromsund.se/robots.txt, 200
http://www.swedac.se/robots.txt, 200
http://www.sundbyberg.se/robots.txt, 200
http://www.sundsvall.se/robots.txt, 200
http://www.sunne.se/robots.txt, 404
http://www.sgu.se/robots.txt, 200
http://www.smhi.se/robots.txt, 200
http://www.soderhamn.se/robots.txt, 200
http://www.soderkoping.se/robots.txt, 200
http://www.sodertalje.se/robots.txt, 200
http://www.solvesborg.se/robots.txt, 404
http://www.tanum.se/robots.txt, 200
http://www.tidaholm.se/robots.txt, 200
http://www.tierp.se/robots.txt, 200
http://www.timra.se/robots.txt, 404
http://www.tjorn.se/robots.txt, 200
http://www.tomelilla.se/robots.txt, 200
http://www.torsby.se/robots.txt, 200
http://www.trafikverket.se/robots.txt, 200
http://www.transportstyrelsen.se/robots.txt, 404
http://www.tranas.se/robots.txt, 200
http://www.trollhattan.se/robots.txt, 404
http://www.toreboda.se/robots.txt, 200
http://www.uddevalla.se/robots.txt, 200
http://www.umea.se/robots.txt, 200
http://www.upplandsvasby.se/robots.txt, 200
http://www.upplands-bro.se/robots.txt, 200
http://www.uppsala.se/robots.txt, 200
http://www.vara.se/robots.txt, 200
http://www.varberg.se/robots.txt, 200
http://www.vinnova.se/robots.txt, 200
http://www.vetlanda.se/robots.txt, 200
http://www.vimmerby.se/robots.txt, 404
http://www.vindeln.se/robots.txt, 404
http://www.vargarda.se/robots.txt, 200
http://www.varmdo.se/robots.txt, 200
http://www.vastervik.se/robots.txt, 200
http://www.vasteras.se/robots.txt, 200
http://www.vgregion.se/robots.txt, 200
http://www.ystad.se/robots.txt, 404
http://www.ange.se/robots.txt, 200
http://www.asele.se/robots.txt, 404
http://www.alvkarleby.se/robots.txt, 200
http://www.engelholm.se/robots.txt, 200
http://www.orebro.se/robots.txt, 200
http://www.ostersund.se/robots.txt, 200
http://www.ale.se/robots.txt, 200
http://www.alingsas.se/robots.txt, 200
http://www.alingsastingsratt.domstol.se/robots.txt, 200
http://www.kammarkollegiet.se/rattsavdelningen/alkoholsortimentsnamnden/robots.txt, 404
http://www.arn.se/robots.txt, 404
http://www.alvesta.se/robots.txt, 200
http://www.ap2.se/robots.txt, 404
http://www.aneby.se/robots.txt, 404
http://www.arbetsdomstolen.se/robots.txt, 404
http://www.arbetsgivarverket.se/robots.txt, 200
http://www.av.se/robots.txt, 200
http://www.arboga.se/robots.txt, 200
http://www.arjeplog.se/robots.txt, 200
http://www.arvsfonden.se/robots.txt, 200
http://www.arvika.se/robots.txt, 200
http://www.askersund.se/robots.txt, 200
http://www.attundatingsratt.domstol.se/robots.txt, 200
http://www.avesta.se/robots.txt, 404
http://www.bo.se/robots.txt, 200
http://www.bengtsfors.se/robots.txt, 200
http://www.bjurholm.se/robots.txt, 404
http://www.bjuv.se/robots.txt, 404
http://www.bth.se/robots.txt, 200
http://www.blekingetingsratt.domstol.se/robots.txt, 200
http://www.boden.se/robots.txt, 404
http://www.bfn.se/robots.txt, 404
http://www.bollnas.se/robots.txt, 200
http://www.borgholm.se/robots.txt, 200
http://www.borlange.se/robots.txt, 200
http://www.boras.se/robots.txt, 200
http://www.borastingsratt.domstol.se/robots.txt, 200
http://www.boxholm.se/robots.txt, 200
http://www.bromolla.se/robots.txt, 404
http://www.bra.se/robots.txt, 200
http://www.brottsoffermyndigheten.se/robots.txt, 404
http://www.bracke.se/robots.txt, 200
http://www.burlov.se/robots.txt, 200
http://www.epn.se/robots.txt, 200
http://www.dalsed.se/robots.txt, 404
http://www.danderyd.se/robots.txt, 404
http://www.datainspektionen.se/robots.txt, 200
http://www.do.se/robots.txt, 200
http://www.domstol.se/Om-Sveriges-Domstolar/Domarnamnden/robots.txt, 404
http://www.domstol.se/robots.txt, 200
http://www.ehalsomyndigheten.se/robots.txt, 200
http://www.elegnamnden.se/robots.txt, 200
http://www.eda.se/robots.txt, 200
http://www.ekero.se/robots.txt, 200
http://www.ekobrottsmyndigheten.se/robots.txt, 404
http://www.esv.se/robots.txt, 200
http://www.eksjo.se/robots.txt, 404
http://www.eksjotingsratt.domstol.se/robots.txt, 200
http://www.elsakerhetsverket.se/robots.txt, 404
http://www.emmaboda.se/robots.txt, 200
http://www.energimarknadsinspektionen.se/robots.txt, 200
http://www.enkoping.se/robots.txt, 200
http://www.ersattningsnamnden.se/robots.txt, 520
http://www.eskilstunatingsratt.domstol.se/robots.txt, 200
http://www.eslov.se/robots.txt, 200
http://www.essunga.se/robots.txt, 404
http://www.ekn.se/robots.txt, 500
http://www.fagersta.se/robots.txt, 200
http://www.falutingsratt.domstol.se/robots.txt, 200
http://www.fmi.se/robots.txt, 200
http://www.kammarkollegiet.se/rattsavdelningen/fideikommissnamnden/fideikommissnamnden/robots.txt, 404
http://www.filipstad.se/robots.txt, 200
http://www.fi.se/robots.txt, 404
http://www.finanspolitiskaradet.se/robots.txt, 200
http://www.finspang.se/robots.txt, 200
http://www.ap4.se/robots.txt, 200
http://www.flen.se/robots.txt, 200
http://www.folkebernadotteacademy.se/robots.txt, 200
http://www.folkhalsomyndigheten.se/robots.txt, 200
http://www.forskarskattenamnden.se/robots.txt, 200
http://www.formas.se/robots.txt, 404
http://www.fas.se/robots.txt, 200
http://www.fortv.se/robots.txt, 404
http://www.levandehistoria.se/robots.txt, 200
http://www.fargelanda.se/robots.txt, 200
http://www.ap1.se/robots.txt, 404
http://www.fmv.se/robots.txt, 200
http://www.fra.se/robots.txt, 404
http://www.fxm.se/robots.txt, 200
http://www.fhs.se/robots.txt, 404
http://www.forsvarsmakten.se/robots.txt, 200
http://www.undom.se/robots.txt, 404
http://www.forsakringskassan.se/robots.txt, 200
http://www.lansrattenigoteborg.domstol.se/robots.txt, 200
http://www.lansrattenivasternorrland.domstol.se/robots.txt, 200
http://www.lansrattenijonkoping.domstol.se/robots.txt, 200
http://www.lansrattenivarmland.domstol.se/robots.txt, 200
http://www.forvaltningsrattenilinkoping.domstol.se/robots.txt, 200
http://www.lansratteninorrbotten.domstol.se/robots.txt, 200
http://www.lansratteniskane.domstol.se/robots.txt, 200
http://www.lansrattenistockholm.domstol.se/robots.txt, 200
http://www.forvaltningsratteniumea.domstol.se/robots.txt, 200
http://www.lansratteniuppsala.domstol.se/robots.txt, 200
http://www.forvaltningsrattenivaxjo.domstol.se/robots.txt, 200
http://www.gagnef.se/robots.txt, 200
http://www.genteknik.se/robots.txt, 200
http://www.gislaved.se/robots.txt, 200
http://www.gnosjo.se/robots.txt, 200
http://www.gotlandstingsratt.domstol.se/robots.txt, 200
http://www.grastorp.se/robots.txt, 200
http://www.gih.se/robots.txt, 200
http://www.gellivare.se/robots.txt, 404
http://www.gavletingsratt.domstol.se/robots.txt, 200
http://www.gotahovratt.se/robots.txt, 200
http://www.goteborg.se/robots.txt, 200
http://www.goteborgstingsratt.domstol.se/robots.txt, 200
http://www.gu.se/robots.txt, 200
http://www.habokommun.se/robots.txt, 404
http://www.hagfors.se/robots.txt, 200
http://www.hallsberg.se/robots.txt, 200
http://www.hallstahammar.se/robots.txt, 200
http://www.halmstadstingsratt.domstol.se/robots.txt, 200
http://www.hammaro.se/robots.txt, 200
http://www.haninge.se/robots.txt, 200
http://www.harpsund.se/robots.txt, 200
http://www.hedemora.se/robots.txt, 404
http://www.helsingborgstingsratt.domstol.se/robots.txt, 200
http://www.herrljunga.se/robots.txt, 200
http://www.hjo.se/robots.txt, 200
http://www.hofors.se/robots.txt, 200
http://www.hovrattenfornedrenorrland.se/robots.txt, 200
http://www.hovrattenskaneblekinge.domstol.se/robots.txt, 200
http://www.vastrahovratten.domstol.se/robots.txt, 200
http://www.hovrattenovrenorrland.domstol.se/robots.txt, 200
http://www.hudiksvall.se/robots.txt, 200
http://www.hudiksvallstingsratt.domstol.se/robots.txt, 200
http://www.hyresnamnden.se/robots.txt, 200
http://www.hsan.se/robots.txt, 200
http://www.herjedalen.se/robots.txt, 200
http://www.harryda.se/robots.txt, 200
http://www.hassleholm.se/robots.txt, 200
http://www.hassleholmstingsratt.domstol.se/robots.txt, 200
http://www.hoganas.se/robots.txt, 200
http://www.hogsby.se/robots.txt, 404
http://www.du.se/robots.txt, 200
http://www.hb.se/robots.txt, 200
http://www.hh.se/robots.txt, 200
http://www.his.se/robots.txt, 200
http://www.hkr.se/robots.txt, 200
http://www.hv.se/robots.txt, 200
http://www.hogstadomstolen.se/robots.txt, 200
http://www.regeringsratten.se/robots.txt, 404
http://www.horby.se/robots.txt, 404
http://www.hoor.se/robots.txt, 200
http://www.ilo.org/robots.txt, 200
http://www.iaf.se/robots.txt, 404
http://www.inspsf.se/robots.txt, 200
http://www.isp.se/robots.txt, 200
http://www.ivo.se/robots.txt, 200
http://www.ifau.se/robots.txt, 404
http://www.irf.se/robots.txt, 200
http://www.programkontoret.se/robots.txt, 520
http://www.jokkmokk.se/robots.txt, 404
http://www.justitiekanslern.se/robots.txt, 200
http://www.jll.se/robots.txt, 200
http://www.jarfalla.se/robots.txt, 200
http://www.jonkoping.se/robots.txt, 200
http://www.jonkopingstingsratt.domstol.se/robots.txt, 200
http://www.kalmar.se/robots.txt, 200
http://www.kalmartingsratt.domstol.se/robots.txt, 200
http://www.kammarkollegiet.se/robots.txt, 200
http://www.kammarratten.goteborg.se/robots.txt, 200
http://www.kammarrattenijonkoping.domstol.se/robots.txt, 200
http://www.kammarrattenistockholm.domstol.se/robots.txt, 200
http://www.kammarrattenisundsvall.se/robots.txt, 200
http://www.karlsborg.se/robots.txt, 200
http://www.kau.se/robots.txt, 200
http://www.ki.se/robots.txt, 200
http://www.katrineholm.se/robots.txt, 200
http://www.kemi.se/robots.txt, 200
http://www.kil.se/robots.txt, 404
http://www.kommun.kiruna.se/robots.txt, 404
http://www.klippan.se/robots.txt, 200
http://www.knivsta.se/robots.txt, 200
http://www.kommers.se/robots.txt, 200
http://www.konj.se/robots.txt, 200
http://www.konkurrensverket.se/robots.txt, 200
http://www.konstnarsnamnden.se/robots.txt, 404
http://www.konsumentverket.se/robots.txt, 200
http://www.kriminalvarden.se/robots.txt, 200
http://www.kristianstad.se/robots.txt, 404
http://www.kristianstadstingsratt.domstol.se/robots.txt, 200
http://www.kristinehamn.se/robots.txt, 200
http://www.kronofogden.se/robots.txt, 200
http://www.kumla.se/robots.txt, 200
http://www.kkh.se/robots.txt, 200
http://www.kmh.se/robots.txt, 401
http://www.kth.se/robots.txt, 200
http://www.kungsbacka.se/robots.txt, 200
http://www.kungsor.se/robots.txt, 200
http://www.kungalv.se/robots.txt, 404
http://www.kustbevakningen.se/robots.txt, 404
http://www.karnavfallsfonden.se/robots.txt, 200
http://www.kavlinge.se/robots.txt, 200
http://www.koping.se/robots.txt, 200
http://www.lagradet.se/robots.txt, 404
http://www.laholm.se/robots.txt, 404
http://www.landskrona.se/robots.txt, 200
http://www.ltblekinge.se/robots.txt, 404
http://www.ltdalarna.se/robots.txt, 200
http://www.lg.se/robots.txt, 200
http://www.lj.se/robots.txt, 200
http://www.ltkalmar.se/robots.txt, 200
http://www.lul.se/robots.txt, 200
http://www.liv.se/robots.txt, 200
http://www.lio.se/robots.txt, 200
http://www.landstingetsormland.se/robots.txt, 200
http://www.lvn.se/robots.txt, 200
http://www.ltv.se/robots.txt, 404
http://www.laxa.se/robots.txt, 200
http://www.leksand.se/robots.txt, 404
http://www.lessebo.se/robots.txt, 200
http://www.lillaedet.se/robots.txt, 520
http://www.linkopingstingsratt.domstol.se/robots.txt, 200
http://www.liu.se/robots.txt, 200
http://www.linneuniversitetet.se/robots.txt, 520
http://www.lsh.se/robots.txt, 200
http://www.slv.se/robots.txt, 200
http://www.ljusdal.se/robots.txt, 200
http://www.ljusnarsberg.se/robots.txt, 200
http://www.lomma.se/robots.txt, 200
http://www.lotteriinspektionen.se/robots.txt, 200
http://www.ludvika.se/robots.txt, 200
http://www.lfv.se/robots.txt, 200
http://www.ltu.se/robots.txt, 200
http://www.lundstingsratt.domstol.se/robots.txt, 200
http://www.lu.se/robots.txt, 200
http://www.lycksele.se/robots.txt, 404
http://www.lyckseletingsratt.domstol.se/robots.txt, 200
http://www.lysekil.se/robots.txt, 200
http://www.lakemedelsverket.se/robots.txt, 404
http://www.lansstyrelsen.se/gotland/robots.txt, 404
http://www.lansstyrelsen.se/halland/robots.txt, 404
http://www.bd.lst.se/robots.txt, 404
http://www.lansstyrelsen.se/skane/robots.txt, 404
http://www.lansstyrelsen.se/uppsala/robots.txt, 404
http://www.lansstyrelsen.se/vastmanland/robots.txt, 404
http://www.lansstyrelsen.se/ostergotland/robots.txt, 404
http://www.mah.se/robots.txt, 200
http://www.malmo.se/robots.txt, 200
http://www.malmotingsratt.domstol.se/robots.txt, 200
http://www.malung-salen.se/robots.txt, 200
http://www.mala.se/robots.txt, 200
http://www.markaryd.se/robots.txt, 200
http://www.marknadsdomstolen.se/robots.txt, 404
http://www.mark.se/robots.txt, 404
http://www.mi.se/robots.txt, 404
http://www.mellerud.se/robots.txt, 200
http://www.miun.se/robots.txt, 200
http://www.mjolby.se/robots.txt, 200
http://www.modernamuseet.se/robots.txt, 404
http://www.mora.se/robots.txt, 200
http://www.moratingsratt.domstol.se/robots.txt, 200
http://www.motala.se/robots.txt, 403
http://www.mullsjo.se/robots.txt, 200
http://www.munkedal.se/robots.txt, 200
http://www.munkfors.se/robots.txt, 200
http://www.mfd.se/robots.txt, 404
http://www.mia.eu/robots.txt, 404
http://www.kulturanalys.se/robots.txt, 200
http://www.radioochtv.se/robots.txt, 200
http://www.mtm.se/robots.txt, 200
http://www.tillvaxtanalys.se/robots.txt, 200
http://www.vardanalys.se/robots.txt, 200
http://www.yhmyndigheten.se/robots.txt, 520
http://www.mdh.se/robots.txt, 200
http://www.monsteras.se/robots.txt, 404
http://www.morbylanga.se/robots.txt, 404
http://www.nackatingsratt.domstol.se/robots.txt, 200
http://www.nationalmuseum.se/robots.txt, 404
http://www.nrm.se/robots.txt, 200
http://www.nora.se/robots.txt, 200
http://www.norberg.se/robots.txt, 200
http://www.nordanstig.se/robots.txt, 200
http://www.nai.uu.se/robots.txt, 200
http://www.nordmaling.se/robots.txt, 404
http://www.nll.se/robots.txt, 404
http://www.norrkopingstingsratt.domstol.se/robots.txt, 200
http://www.norrtalje.se/robots.txt, 404
http://www.norrtaljetingsratt.domstol.se/robots.txt, 200
http://www.norsjo.se/robots.txt, 404
http://www.domstol.se/templates/DV_InfoPage.aspx?id=3805/robots.txt, 404
http://www.nybro.se/robots.txt, 200
http://www.nykvarn.se/robots.txt, 200
http://www.nykoping.se/robots.txt, 200
http://www.nykopingstingsratt.domstol.se/robots.txt, 200
http://www.nynashamn.se/robots.txt, 200
http://www.nfh.se/robots.txt, 200
http://www.sst.a.se/robots.txt, 200
http://www.namndenmotdiskriminering.se/robots.txt, 200
http://www.nassjo.se/robots.txt, 404
http://www.ockelbo.se/robots.txt, 200
http://www.orsa.se/robots.txt, 404
http://www.osby.se/robots.txt, 200
http://www.oskarshamn.se/robots.txt, 404
http://www.ovanaker.se/robots.txt, 200
http://www.pajala.se/robots.txt, 404
http://www.pbr.se/robots.txt, 404
http://www.partille.se/robots.txt, 404
http://www.prv.se/robots.txt, 200
http://www.perstorp.se/robots.txt, 200
http://www.polar.se/robots.txt, 200
http://www.polisen.se/vasternorrland/robots.txt, 200
http://www.polisen.se/blekinge/robots.txt, 200
http://www.polisen.se/dalarna/robots.txt, 200
http://www.polisen.se/Gotlands_lan/robots.txt, 200
http://www.polisen.se/Gavleborg/robots.txt, 200
http://www.polisen.se/halland/robots.txt, 200
http://www.polisen.se/jamtland/robots.txt, 200
http://www.polisen.se/jonkoping/robots.txt, 404
http://www.polisen.se/kalmar/robots.txt, 404
http://www.polisen.se/kronoberg/robots.txt, 200
http://www.polisen.se/norrbotten/robots.txt, 200
http://www.polisen.se/skane/robots.txt, 200
http://www.polisen.se/sodermanland/robots.txt, 200
http://www.polisen.se/uppsala/robots.txt, 404
http://www.polisen.se/varmland/robots.txt, 200
http://www.polisen.se/vasterbotten/robots.txt, 200
http://www.polisen.se/vastmanland/robots.txt, 200
http://www.polisen.se/Vastra_Gotaland/robots.txt, 200
http://www.polisen.se/Orebro_lan/robots.txt, 200
http://www.polisen.se/ostergotland/robots.txt, 200
http://www.presstodsnamnden.se/robots.txt, 520
http://www.regeringen.se/robots.txt, 200
http://www.regionhalland.se/robots.txt, 404
http://www.epn.se/goeteborg/om-naemnden/robots.txt, 200
http://www.epn.se/linkoeping/om-naemnden/robots.txt, 200
http://www.epn.se/lund/om-naemnden/robots.txt, 200
http://www.epn.se/stockholm/om-naemnden/robots.txt, 200
http://www.epn.se/umeaa/om-naemnden/robots.txt, 200
http://www.epn.se/uppsala/om-naemnden/robots.txt, 200
http://www.revisorsnamnden.se/robots.txt, 404
http://www.riksarkivet.se/robots.txt, 200
http://www.jo.se/robots.txt, 200
http://www.riksgalden.se/robots.txt, 200
http://www.polisen.se/robots.txt, 200
http://www.riksrevisionen.se/robots.txt, 200
http://www.riksutstallningar.se/robots.txt, 200
http://www.robertsfors.se/robots.txt, 200
http://www.ronneby.se/robots.txt, 404
http://www.rymdstyrelsen.se/robots.txt, 404
http://www.domstol.se/rattshjalpsnamnden/robots.txt, 404
http://www.rattshjalp.se/robots.txt, 200
http://www.rmv.se/robots.txt, 200
http://www.rattvik.se/robots.txt, 200
http://www.sameskolstyrelsen.se/robots.txt, 200
http://www.sametinget.se/robots.txt, 404
http://www.sigtuna.se/robots.txt, 200
http://www.ap7.se/robots.txt, 404
http://www.apfond6.se/robots.txt, 404
http://www.sjofartsverket.se/robots.txt, 200
http://www.skara.se/robots.txt, 200
http://www.skaraborgstingsratt.domstol.se/robots.txt, 200
http://www.skatterattsnamnden.se/robots.txt, 200
http://www.skellefteatingsratt.domstol.se/robots.txt, 200
http://www.kammarkollegiet.se/robots.txt, 200
http://www.svo.se/robots.txt, 200
http://www.overklagandenamnden.se/robots.txt, 200
http://www.skurup.se/robots.txt, 404
http://www.smedjebacken.se/robots.txt, 200
http://www.solleftea.se/robots.txt, 200
http://www.solna.se/robots.txt, 200
http://www.solnatingsratt.domstol.se/robots.txt, 200
http://www.sorsele.se/robots.txt, 404
http://www.sotenas.se/robots.txt, 200
http://www.spsm.se/robots.txt, 200
http://www.staffanstorp.se/robots.txt, 200
http://www.statensansvarsnamnd.se/robots.txt, 404
http://www.sbu.se/robots.txt, 200
http://www.arkitekturmuseet.se/robots.txt, 200
http://www.energimyndigheten.se/robots.txt, 404
http://www.sfv.se/robots.txt, 404
http://www.sfhm.se/robots.txt, 200
http://www.swedgeo.se/robots.txt, 200
http://www.havkom.se/robots.txt, 200
http://www.historiska.se/robots.txt, 200
http://www.siun.se/robots.txt, 404
http://www.stat-inst.se/robots.txt, 200
http://www.sjv.se/robots.txt, 200
http://www.statenskonstrad.se/robots.txt, 200
http://www.skl.polisen.se/robots.txt, 200
http://www.kulturradet.se/robots.txt, 404
http://www.maritima.se/robots.txt, 200
http://www.statensmedierad.se/robots.txt, 200
http://www.smvk.se/robots.txt, 200
http://www.smus.se/robots.txt, 404
http://www.statenspersonadressregister.se/robots.txt, 200
http://www.statenssc.se/robots.txt, 404
http://www.kammarkollegiet.se/robots.txt, 200
http://www.skolinspektionen.se/robots.txt, 200
http://www.skolverket.se/robots.txt, 404
http://www.spv.se/robots.txt, 404
http://www.va-namnden.se/robots.txt, 404
http://www.sva.se/robots.txt, 200
http://www.vti.se/robots.txt, 200
http://www.kammarkollegiet.se/statens-oeverklagandenaemnd/robots.txt, 404
http://www.statskontoret.se/robots.txt, 200
http://www.stenungsund.se/robots.txt, 200
http://www.uniarts.se/robots.txt, 200
http://www.sll.se/robots.txt, 200
http://www.stockholmstingsratt.se/robots.txt, 200
http://www.su.se/robots.txt, 404
http://www.storfors.se/robots.txt, 200
http://www.storuman.se/robots.txt, 404
http://www.stromstad.se/robots.txt, 200
http://www.sundsvallstingsratt.se/robots.txt, 200
http://www.surahammar.se/robots.txt, 200
http://www.svalov.se/robots.txt, 200
http://www.svea.se/robots.txt, 200
http://www.svedala.se/robots.txt, 200
http://www.svenljunga.se/robots.txt, 200
http://www.esf.se/robots.txt, 404
http://www.si.se/robots.txt, 200
http://www.sieps.se/robots.txt, 200
http://www.svk.se/robots.txt, 200
http://www.svff.se/robots.txt, 200
http://www.slu.se/robots.txt, 200
http://www.riksbank.se/robots.txt, 200
http://www.saffle.se/robots.txt, 404
http://www.sakint.se/robots.txt, 404
http://www.sakerhetspolisen.se/robots.txt, 200
http://www.sater.se/robots.txt, 200
http://www.savsjo.se/robots.txt, 200
http://www.sodertaljetingsratt.domstol.se/robots.txt, 200
http://webappl.web.sh.se/robots.txt, 200
http://www.sodertornstingsratt.domstol.se/robots.txt, 200
http://www.lfn.se/robots.txt, 520
http://www.tibro.se/robots.txt, 404
http://www.tillvaxtverket.se/robots.txt, 200
http://www.tingsryd.se/robots.txt, 200
http://www.torsas.se/robots.txt, 200
http://www.foi.se/robots.txt, 200
http://www.pliktverket.se/robots.txt, 200
http://www.trafa.se/robots.txt, 200
http://www.tranemo.se/robots.txt, 200
http://www.ap3.se/robots.txt, 200
http://www.trelleborg.se/robots.txt, 404
http://www.trosa.se/robots.txt, 404
http://www.tullverket.se/robots.txt, 200
http://www.tyreso.se/robots.txt, 200
http://www.taby.se/robots.txt, 200
http://www.uddevallatingsratt.domstol.se/robots.txt, 200
http://www.ulricehamn.se/robots.txt, 200
http://www.umeatingsratt.domstol.se/robots.txt, 200
http://www.umu.se/robots.txt, 200
http://www.ungdomsstyrelsen.se/robots.txt, 200
http://www.uhr.se/robots.txt, 200
http://www.uk-ambetet.se/robots.txt, 200
http://www.uu.se/robots.txt, 200
http://www.uppvidinge.se/robots.txt, 200
http://www.vadstena.se/robots.txt, 200
http://www.vaggeryd.se/robots.txt, 200
http://www.valdemarsvik.se/robots.txt, 404
http://www.vallentuna.se/robots.txt, 200
http://www.val.se/robots.txt, 200
http://www.vansbro.se/robots.txt, 200
http://www.varbergstingsratt.domstol.se/robots.txt, 200
http://www.vaxholm.se/robots.txt, 200
http://www.vellinge.se/robots.txt, 200
http://www.vr.se/robots.txt, 200
http://www.vilhelmina.se/robots.txt, 200
http://www.vingaker.se/robots.txt, 200
http://www.vanersborg.se/robots.txt, 200
http://www.vanersborgstingsratt.domstol.se/robots.txt, 200
http://www.vannas.se/robots.txt, 404
http://www.varmlandstingsratt.domstol.se/robots.txt, 200
http://www.varnamo.se/robots.txt, 200
http://www.vll.se/robots.txt, 200
http://www.vastmanlandstingsratt.domstol.se/robots.txt, 200
http://www.vaxjo.se/robots.txt, 404
http://www.vaxjotingsratt.domstol.se/robots.txt, 200
http://www.ydre.se/robots.txt, 200
http://www.aklagare.se/robots.txt, 200
http://www.amal.se/robots.txt, 404
http://www.angermanlandstingsratt.domstol.se/robots.txt, 200
http://www.are.se/robots.txt, 200
http://www.arjang.se/robots.txt, 404
http://www.astorp.se/robots.txt, 200
http://www.atvidaberg.se/robots.txt, 200
http://www.almhult.se/robots.txt, 200
http://www.alvdalen.se/robots.txt, 404
http://www.alvsbyn.se/robots.txt, 200
http://www.ockero.se/robots.txt, 200
http://www.odeshog.se/robots.txt, 200
http://www.orebroll.se/robots.txt, 404
http://www.orebrotingsratt.domstol.se/robots.txt, 200
http://www.orkelljunga.se/robots.txt, 200
http://www.oru.se/robots.txt, 200
http://www.ornskoldsvik.se/robots.txt, 200
http://www.ostersundstingsratt.domstol.se/robots.txt, 200
http://www.osteraker.se/robots.txt, 200
http://www.osthammar.se/robots.txt, 200
http://www.ostragoinge.se/robots.txt, 200
http://www.overkalix.se/robots.txt, 404
http://www.onh.se/robots.txt, 200
http://www.domstol.se/templates/DV_Page.aspx?id=4073/robots.txt, 404
http://www.oks.se/robots.txt, 200
http://www.overtornea.se/robots.txt, 404
