http://www.arbetsformedlingen.se/humans.txt, 520
http://www.arvidsjaur.se/humans.txt, 404
http://www.berg.se/humans.txt, 404
http://www.bolagsverket.se/humans.txt, 404
http://www.bollebygd.se/humans.txt, 404
http://www.botkyrka.se/humans.txt, 404
http://www.boverket.se/humans.txt, 404
http://www.bastad.se/humans.txt, 403
http://www.csn.se/humans.txt, 404
http://www.degerfors.se/humans.txt, 404
http://www.dorotea.se/humans.txt, 404
http://eskilstuna.se/humans.txt, 404
http://www.falkenberg.se/humans.txt, 404
http://www.falkoping.se/humans.txt, 404
http://www.falun.se/humans.txt, 404
http://www.forshaga.se/humans.txt, 404
http://www.gnesta.se/humans.txt, 404
http://www.grums.se/humans.txt, 404
http://www.gullspang.se/humans.txt, 404
http://www.gavle.se/humans.txt, 200
http://www.gotene.se/humans.txt, 404
http://www.halmstad.se/humans.txt, 404
http://www.haparanda.se/humans.txt, 404
http://www.havochvatten.se/humans.txt, 404
http://www.heby.se/humans.txt, 404
http://www.helsingborg.se/humans.txt, 404
http://www.huddinge.se/humans.txt, 404
http://www.hultsfred.se/humans.txt, 404
http://www.hylte.se/humans.txt, 404
http://www.habo.se/humans.txt, 404
http://www.hellefors.se/humans.txt, 404
http://www.harnosand.se/humans.txt, 404
http://www.hig.se/humans.txt, 404
http://www.sofi.se/humans.txt, 404
http://www.kalix.se/humans.txt, 404
http://www.karlshamn.se/humans.txt, 200
http://www.karlskoga.se/humans.txt, 404
http://www.karlskrona.se/humans.txt, 404
http://www.karlstad.se/humans.txt, 404
http://www.kinda.se/humans.txt, 404
http://www.konstfack.se/humans.txt, 404
http://www.kramfors.se/humans.txt, 404
http://www.krokom.se/humans.txt, 404
http://www.kb.se/humans.txt, 404
http://www.ltkronoberg.se/humans.txt, 404
http://www.lantmateriet.se/humans.txt, 404
http://www.lekeberg.se/humans.txt, 404
http://www.lerum.se/humans.txt, 404
http://www.lidingo.se/humans.txt, 404
http://www.lidkoping.se/humans.txt, 404
http://www.lindesberg.se/humans.txt, 404
http://www.linkoping.se/humans.txt, 404
http://www.ljungby.se/humans.txt, 404
http://www.lulea.se/humans.txt, 404
http://www.lund.se/humans.txt, 404
http://www.lansstyrelsen.se/blekinge/humans.txt, 404
http://www.w.lst.se/humans.txt, 404
http://www.lansstyrelsen.se/gavleborg/humans.txt, 404
http://www.lansstyrelsen.se/jamtland/humans.txt, 404
http://www.lansstyrelsen.se/jonkoping/humans.txt, 404
http://www.lansstyrelsen.se/kalmar/humans.txt, 404
http://www.lansstyrelsen.se/kronoberg/humans.txt, 404
http://www.ab.lst.se/humans.txt, 404
http://www.d.lst.se/humans.txt, 404
http://www.lansstyrelsen.se/varmland/humans.txt, 404
http://www.ac.lst.se/humans.txt, 404
http://www.y.lst.se/humans.txt, 404
http://www.lansstyrelsen.se/vastragotaland/humans.txt, 404
http://www.lansstyrelsen.se/orebro/humans.txt, 404
http://www.mariestad.se/humans.txt, 404
http://www.migrationsverket.se/humans.txt, 404
http://www.msb.se/humans.txt, 404
http://www.molndal.se/humans.txt, 404
http://www.nacka.se/humans.txt, 404
http://www.naturvardsverket.se/humans.txt, 200
http://www.norrkoping.se/humans.txt, 404
http://www.olofstrom.se/humans.txt, 404
http://www.orust.se/humans.txt, 404
http://www.oxelosund.se/humans.txt, 404
http://www.pensionsmyndigheten.se/humans.txt, 404
http://www.pitea.se/humans.txt, 404
http://www.pts.se/humans.txt, 404
http://www.ragunda.se/humans.txt, 404
http://www.gotland.se/humans.txt, 404
http://www.skane.se/humans.txt, 404
http://www.raa.se/humans.txt, 404
http://www.riksdagen.se/humans.txt, 404
http://www.sala.se/humans.txt, 200
http://www.salem.se/humans.txt, 404
http://www.sandviken.se/humans.txt, 404
http://www.sida.se/humans.txt, 404
http://www.simrishamn.se/humans.txt, 404
http://www.sjobo.se/humans.txt, 404
http://www.skatteverket.se/humans.txt, 404
http://www.skelleftea.se/humans.txt, 404
http://www.skinnskatteberg.se/humans.txt, 404
http://www.skovde.se/humans.txt, 404
http://www.socialstyrelsen.se/humans.txt, 404
http://www.sollentuna.se/humans.txt, 404
http://www.scb.se/humans.txt, 404
http://www.stockholm.se/humans.txt, 404
http://www.stralsakerhetsmyndigheten.se/humans.txt, 404
http://www.strangnas.se/humans.txt, 404
http://www.stromsund.se/humans.txt, 404
http://www.swedac.se/humans.txt, 404
http://www.sundbyberg.se/humans.txt, 404
http://www.sundsvall.se/humans.txt, 404
http://www.sunne.se/humans.txt, 404
http://www.sgu.se/humans.txt, 404
http://www.smhi.se/humans.txt, 404
http://www.soderhamn.se/humans.txt, 404
http://www.soderkoping.se/humans.txt, 200
http://www.sodertalje.se/humans.txt, 404
http://www.solvesborg.se/humans.txt, 404
http://www.tanum.se/humans.txt, 404
http://www.tidaholm.se/humans.txt, 404
http://www.tierp.se/humans.txt, 404
http://www.timra.se/humans.txt, 404
http://www.tjorn.se/humans.txt, 404
http://www.tomelilla.se/humans.txt, 200
http://www.torsby.se/humans.txt, 404
http://www.trafikverket.se/humans.txt, 404
http://www.transportstyrelsen.se/humans.txt, 404
http://www.tranas.se/humans.txt, 404
http://www.trollhattan.se/humans.txt, 404
http://www.toreboda.se/humans.txt, 404
http://www.uddevalla.se/humans.txt, 404
http://www.umea.se/humans.txt, 404
http://www.upplandsvasby.se/humans.txt, 404
http://www.upplands-bro.se/humans.txt, 404
http://www.uppsala.se/humans.txt, 404
http://www.vara.se/humans.txt, 404
http://www.varberg.se/humans.txt, 404
http://www.vinnova.se/humans.txt, 404
http://www.vetlanda.se/humans.txt, 404
http://www.vimmerby.se/humans.txt, 404
http://www.vindeln.se/humans.txt, 404
http://www.vargarda.se/humans.txt, 404
http://www.varmdo.se/humans.txt, 404
http://www.vastervik.se/humans.txt, 200
http://www.vasteras.se/humans.txt, 404
http://www.vgregion.se/humans.txt, 404
http://www.ystad.se/humans.txt, 404
http://www.ange.se/humans.txt, 404
http://www.asele.se/humans.txt, 404
http://www.alvkarleby.se/humans.txt, 404
http://www.engelholm.se/humans.txt, 404
http://www.orebro.se/humans.txt, 404
http://www.ostersund.se/humans.txt, 404
http://www.ale.se/humans.txt, 404
http://www.alingsas.se/humans.txt, 404
http://www.alingsastingsratt.domstol.se/humans.txt, 404
http://www.kammarkollegiet.se/rattsavdelningen/alkoholsortimentsnamnden/humans.txt, 404
http://www.arn.se/humans.txt, 404
http://www.alvesta.se/humans.txt, 200
http://www.ap2.se/humans.txt, 404
http://www.aneby.se/humans.txt, 404
http://www.arbetsdomstolen.se/humans.txt, 404
http://www.arbetsgivarverket.se/humans.txt, 200
http://www.av.se/humans.txt, 404
http://www.arboga.se/humans.txt, 404
http://www.arjeplog.se/humans.txt, 404
http://www.arvsfonden.se/humans.txt, 404
http://www.arvika.se/humans.txt, 404
http://www.askersund.se/humans.txt, 404
http://www.attundatingsratt.domstol.se/humans.txt, 404
http://www.avesta.se/humans.txt, 404
http://www.bo.se/humans.txt, 404
http://www.bengtsfors.se/humans.txt, 404
http://www.bjurholm.se/humans.txt, 404
http://www.bjuv.se/humans.txt, 404
http://www.bth.se/humans.txt, 404
http://www.blekingetingsratt.domstol.se/humans.txt, 404
http://www.boden.se/humans.txt, 404
http://www.bfn.se/humans.txt, 404
http://www.bollnas.se/humans.txt, 404
http://www.borgholm.se/humans.txt, 404
http://www.borlange.se/humans.txt, 404
http://www.boras.se/humans.txt, 404
http://www.borastingsratt.domstol.se/humans.txt, 404
http://www.boxholm.se/humans.txt, 404
http://www.bromolla.se/humans.txt, 404
http://www.bra.se/humans.txt, 404
http://www.brottsoffermyndigheten.se/humans.txt, 404
http://www.bracke.se/humans.txt, 404
http://www.burlov.se/humans.txt, 404
http://www.epn.se/humans.txt, 404
http://www.dalsed.se/humans.txt, 404
http://www.danderyd.se/humans.txt, 404
http://www.datainspektionen.se/humans.txt, 404
http://www.do.se/humans.txt, 200
http://www.domstol.se/Om-Sveriges-Domstolar/Domarnamnden/humans.txt, 404
http://www.domstol.se/humans.txt, 404
http://www.ehalsomyndigheten.se/humans.txt, 404
http://www.elegnamnden.se/humans.txt, 404
http://www.eda.se/humans.txt, 404
http://www.ekero.se/humans.txt, 404
http://www.ekobrottsmyndigheten.se/humans.txt, 404
http://www.esv.se/humans.txt, 200
http://www.eksjo.se/humans.txt, 404
http://www.eksjotingsratt.domstol.se/humans.txt, 404
http://www.elsakerhetsverket.se/humans.txt, 404
http://www.emmaboda.se/humans.txt, 404
http://www.energimarknadsinspektionen.se/humans.txt, 400
http://www.enkoping.se/humans.txt, 404
http://www.ersattningsnamnden.se/humans.txt, 520
http://www.eskilstunatingsratt.domstol.se/humans.txt, 404
http://www.eslov.se/humans.txt, 404
http://www.essunga.se/humans.txt, 404
http://www.ekn.se/humans.txt, 500
http://www.fagersta.se/humans.txt, 404
http://www.falutingsratt.domstol.se/humans.txt, 404
http://www.fmi.se/humans.txt, 200
http://www.kammarkollegiet.se/rattsavdelningen/fideikommissnamnden/fideikommissnamnden/humans.txt, 404
http://www.filipstad.se/humans.txt, 404
http://www.fi.se/humans.txt, 404
http://www.finanspolitiskaradet.se/humans.txt, 404
http://www.finspang.se/humans.txt, 200
http://www.ap4.se/humans.txt, 200
http://www.flen.se/humans.txt, 404
http://www.folkebernadotteacademy.se/humans.txt, 404
http://www.folkhalsomyndigheten.se/humans.txt, 404
http://www.forskarskattenamnden.se/humans.txt, 404
http://www.formas.se/humans.txt, 404
http://www.fas.se/humans.txt, 200
http://www.fortv.se/humans.txt, 404
http://www.levandehistoria.se/humans.txt, 404
http://www.fargelanda.se/humans.txt, 200
http://www.ap1.se/humans.txt, 404
http://www.fmv.se/humans.txt, 404
http://www.fra.se/humans.txt, 404
http://www.fxm.se/humans.txt, 404
http://www.fhs.se/humans.txt, 404
http://www.forsvarsmakten.se/humans.txt, 404
http://www.undom.se/humans.txt, 404
http://www.forsakringskassan.se/humans.txt, 404
http://www.lansrattenigoteborg.domstol.se/humans.txt, 200
http://www.lansrattenivasternorrland.domstol.se/humans.txt, 200
http://www.lansrattenijonkoping.domstol.se/humans.txt, 200
http://www.lansrattenivarmland.domstol.se/humans.txt, 200
http://www.forvaltningsrattenilinkoping.domstol.se/humans.txt, 404
http://www.lansratteninorrbotten.domstol.se/humans.txt, 200
http://www.lansratteniskane.domstol.se/humans.txt, 200
http://www.lansrattenistockholm.domstol.se/humans.txt, 200
http://www.forvaltningsratteniumea.domstol.se/humans.txt, 404
http://www.lansratteniuppsala.domstol.se/humans.txt, 200
http://www.forvaltningsrattenivaxjo.domstol.se/humans.txt, 404
http://www.gagnef.se/humans.txt, 404
http://www.genteknik.se/humans.txt, 404
http://www.gislaved.se/humans.txt, 404
http://www.gnosjo.se/humans.txt, 404
http://www.gotlandstingsratt.domstol.se/humans.txt, 404
http://www.grastorp.se/humans.txt, 404
http://www.gih.se/humans.txt, 404
http://www.gellivare.se/humans.txt, 404
http://www.gavletingsratt.domstol.se/humans.txt, 404
http://www.gotahovratt.se/humans.txt, 404
http://www.goteborg.se/humans.txt, 404
http://www.goteborgstingsratt.domstol.se/humans.txt, 404
http://www.gu.se/humans.txt, 404
http://www.habokommun.se/humans.txt, 404
http://www.hagfors.se/humans.txt, 404
http://www.hallsberg.se/humans.txt, 404
http://www.hallstahammar.se/humans.txt, 404
http://www.halmstadstingsratt.domstol.se/humans.txt, 404
http://www.hammaro.se/humans.txt, 404
http://www.haninge.se/humans.txt, 404
http://www.harpsund.se/humans.txt, 404
http://www.hedemora.se/humans.txt, 404
http://www.helsingborgstingsratt.domstol.se/humans.txt, 404
http://www.herrljunga.se/humans.txt, 404
http://www.hjo.se/humans.txt, 404
http://www.hofors.se/humans.txt, 404
http://www.hovrattenfornedrenorrland.se/humans.txt, 404
http://www.hovrattenskaneblekinge.domstol.se/humans.txt, 404
http://www.vastrahovratten.domstol.se/humans.txt, 404
http://www.hovrattenovrenorrland.domstol.se/humans.txt, 404
http://www.hudiksvall.se/humans.txt, 404
http://www.hudiksvallstingsratt.domstol.se/humans.txt, 404
http://www.hyresnamnden.se/humans.txt, 404
http://www.hsan.se/humans.txt, 200
http://www.herjedalen.se/humans.txt, 404
http://www.harryda.se/humans.txt, 404
http://www.hassleholm.se/humans.txt, 404
http://www.hassleholmstingsratt.domstol.se/humans.txt, 404
http://www.hoganas.se/humans.txt, 404
http://www.hogsby.se/humans.txt, 404
http://www.du.se/humans.txt, 404
http://www.hb.se/humans.txt, 404
http://www.hh.se/humans.txt, 404
http://www.his.se/humans.txt, 200
http://www.hkr.se/humans.txt, 404
http://www.hv.se/humans.txt, 404
http://www.hogstadomstolen.se/humans.txt, 404
http://www.regeringsratten.se/humans.txt, 404
http://www.horby.se/humans.txt, 404
http://www.hoor.se/humans.txt, 404
http://www.ilo.org/humans.txt, 404
http://www.iaf.se/humans.txt, 404
http://www.inspsf.se/humans.txt, 404
http://www.isp.se/humans.txt, 200
http://www.ivo.se/humans.txt, 404
http://www.ifau.se/humans.txt, 404
http://www.irf.se/humans.txt, 404
http://www.programkontoret.se/humans.txt, 520
http://www.jokkmokk.se/humans.txt, 404
http://www.justitiekanslern.se/humans.txt, 200
http://www.jll.se/humans.txt, 404
http://www.jarfalla.se/humans.txt, 404
http://www.jonkoping.se/humans.txt, 404
http://www.jonkopingstingsratt.domstol.se/humans.txt, 404
http://www.kalmar.se/humans.txt, 404
http://www.kalmartingsratt.domstol.se/humans.txt, 404
http://www.kammarkollegiet.se/humans.txt, 404
http://www.kammarratten.goteborg.se/humans.txt, 404
http://www.kammarrattenijonkoping.domstol.se/humans.txt, 404
http://www.kammarrattenistockholm.domstol.se/humans.txt, 404
http://www.kammarrattenisundsvall.se/humans.txt, 404
http://www.karlsborg.se/humans.txt, 404
http://www.kau.se/humans.txt, 404
http://www.ki.se/humans.txt, 404
http://www.katrineholm.se/humans.txt, 404
http://www.kemi.se/humans.txt, 404
http://www.kil.se/humans.txt, 404
http://www.kommun.kiruna.se/humans.txt, 404
http://www.klippan.se/humans.txt, 404
http://www.knivsta.se/humans.txt, 404
http://www.kommers.se/humans.txt, 200
http://www.konj.se/humans.txt, 404
http://www.konkurrensverket.se/humans.txt, 404
http://www.konstnarsnamnden.se/humans.txt, 404
http://www.konsumentverket.se/humans.txt, 404
http://www.kriminalvarden.se/humans.txt, 404
http://www.kristianstad.se/humans.txt, 404
http://www.kristianstadstingsratt.domstol.se/humans.txt, 404
http://www.kristinehamn.se/humans.txt, 404
http://www.kronofogden.se/humans.txt, 404
http://www.kumla.se/humans.txt, 404
http://www.kkh.se/humans.txt, 404
http://www.kmh.se/humans.txt, 401
http://www.kth.se/humans.txt, 404
http://www.kungsbacka.se/humans.txt, 404
http://www.kungsor.se/humans.txt, 404
http://www.kungalv.se/humans.txt, 404
http://www.kustbevakningen.se/humans.txt, 404
http://www.karnavfallsfonden.se/humans.txt, 404
http://www.kavlinge.se/humans.txt, 404
http://www.koping.se/humans.txt, 404
http://www.lagradet.se/humans.txt, 404
http://www.laholm.se/humans.txt, 404
http://www.landskrona.se/humans.txt, 200
http://www.ltblekinge.se/humans.txt, 404
http://www.ltdalarna.se/humans.txt, 404
http://www.lg.se/humans.txt, 404
http://www.lj.se/humans.txt, 404
http://www.ltkalmar.se/humans.txt, 404
http://www.lul.se/humans.txt, 404
http://www.liv.se/humans.txt, 200
http://www.lio.se/humans.txt, 404
http://www.landstingetsormland.se/humans.txt, 404
http://www.lvn.se/humans.txt, 200
http://www.ltv.se/humans.txt, 520
http://www.laxa.se/humans.txt, 404
http://www.leksand.se/humans.txt, 404
http://www.lessebo.se/humans.txt, 404
http://www.lillaedet.se/humans.txt, 520
http://www.linkopingstingsratt.domstol.se/humans.txt, 404
http://www.liu.se/humans.txt, 200
http://www.linneuniversitetet.se/humans.txt, 520
http://www.lsh.se/humans.txt, 404
http://www.slv.se/humans.txt, 200
http://www.ljusdal.se/humans.txt, 404
http://www.ljusnarsberg.se/humans.txt, 404
http://www.lomma.se/humans.txt, 404
http://www.lotteriinspektionen.se/humans.txt, 404
http://www.ludvika.se/humans.txt, 404
http://www.lfv.se/humans.txt, 404
http://www.ltu.se/humans.txt, 404
http://www.lundstingsratt.domstol.se/humans.txt, 404
http://www.lu.se/humans.txt, 404
http://www.lycksele.se/humans.txt, 404
http://www.lyckseletingsratt.domstol.se/humans.txt, 404
http://www.lysekil.se/humans.txt, 404
http://www.lakemedelsverket.se/humans.txt, 404
http://www.lansstyrelsen.se/gotland/humans.txt, 404
http://www.lansstyrelsen.se/halland/humans.txt, 404
http://www.bd.lst.se/humans.txt, 404
http://www.lansstyrelsen.se/skane/humans.txt, 404
http://www.lansstyrelsen.se/uppsala/humans.txt, 404
http://www.lansstyrelsen.se/vastmanland/humans.txt, 404
http://www.lansstyrelsen.se/ostergotland/humans.txt, 404
http://www.mah.se/humans.txt, 404
http://www.malmo.se/humans.txt, 404
http://www.malmotingsratt.domstol.se/humans.txt, 404
http://www.malung-salen.se/humans.txt, 404
http://www.mala.se/humans.txt, 404
http://www.markaryd.se/humans.txt, 200
http://www.marknadsdomstolen.se/humans.txt, 404
http://www.mark.se/humans.txt, 404
http://www.mi.se/humans.txt, 404
http://www.mellerud.se/humans.txt, 404
http://www.miun.se/humans.txt, 404
http://www.mjolby.se/humans.txt, 404
http://www.modernamuseet.se/humans.txt, 404
http://www.mora.se/humans.txt, 404
http://www.moratingsratt.domstol.se/humans.txt, 404
http://www.motala.se/humans.txt, 403
http://www.mullsjo.se/humans.txt, 404
http://www.munkedal.se/humans.txt, 404
http://www.munkfors.se/humans.txt, 404
http://www.mfd.se/humans.txt, 404
http://www.mia.eu/humans.txt, 404
http://www.kulturanalys.se/humans.txt, 404
http://www.radioochtv.se/humans.txt, 404
http://www.mtm.se/humans.txt, 404
http://www.tillvaxtanalys.se/humans.txt, 404
http://www.vardanalys.se/humans.txt, 404
http://www.yhmyndigheten.se/humans.txt, 520
http://www.mdh.se/humans.txt, 404
http://www.monsteras.se/humans.txt, 200
http://www.morbylanga.se/humans.txt, 404
http://www.nackatingsratt.domstol.se/humans.txt, 404
http://www.nationalmuseum.se/humans.txt, 404
http://www.nrm.se/humans.txt, 404
http://www.nora.se/humans.txt, 404
http://www.norberg.se/humans.txt, 404
http://www.nordanstig.se/humans.txt, 404
http://www.nai.uu.se/humans.txt, 404
http://www.nordmaling.se/humans.txt, 404
http://www.nll.se/humans.txt, 404
http://www.norrkopingstingsratt.domstol.se/humans.txt, 404
http://www.norrtalje.se/humans.txt, 404
http://www.norrtaljetingsratt.domstol.se/humans.txt, 404
http://www.norsjo.se/humans.txt, 404
http://www.domstol.se/templates/DV_InfoPage.aspx?id=3805/humans.txt, 404
http://www.nybro.se/humans.txt, 404
http://www.nykvarn.se/humans.txt, 404
http://www.nykoping.se/humans.txt, 200
http://www.nykopingstingsratt.domstol.se/humans.txt, 404
http://www.nynashamn.se/humans.txt, 404
http://www.nfh.se/humans.txt, 404
http://www.sst.a.se/humans.txt, 404
http://www.namndenmotdiskriminering.se/humans.txt, 404
http://www.nassjo.se/humans.txt, 404
http://www.ockelbo.se/humans.txt, 404
http://www.orsa.se/humans.txt, 404
http://www.osby.se/humans.txt, 404
http://www.oskarshamn.se/humans.txt, 404
http://www.ovanaker.se/humans.txt, 404
http://www.pajala.se/humans.txt, 404
http://www.pbr.se/humans.txt, 404
http://www.partille.se/humans.txt, 404
http://www.prv.se/humans.txt, 404
http://www.perstorp.se/humans.txt, 404
http://www.polar.se/humans.txt, 404
http://www.polisen.se/vasternorrland/humans.txt, 404
http://www.polisen.se/blekinge/humans.txt, 404
http://www.polisen.se/dalarna/humans.txt, 404
http://www.polisen.se/Gotlands_lan/humans.txt, 404
http://www.polisen.se/Gavleborg/humans.txt, 404
http://www.polisen.se/halland/humans.txt, 404
http://www.polisen.se/jamtland/humans.txt, 404
http://www.polisen.se/jonkoping/humans.txt, 404
http://www.polisen.se/kalmar/humans.txt, 404
http://www.polisen.se/kronoberg/humans.txt, 404
http://www.polisen.se/norrbotten/humans.txt, 404
http://www.polisen.se/skane/humans.txt, 404
http://www.polisen.se/sodermanland/humans.txt, 404
http://www.polisen.se/uppsala/humans.txt, 404
http://www.polisen.se/varmland/humans.txt, 404
http://www.polisen.se/vasterbotten/humans.txt, 404
http://www.polisen.se/vastmanland/humans.txt, 404
http://www.polisen.se/Vastra_Gotaland/humans.txt, 404
http://www.polisen.se/Orebro_lan/humans.txt, 404
http://www.polisen.se/ostergotland/humans.txt, 404
http://www.presstodsnamnden.se/humans.txt, 520
http://www.regeringen.se/humans.txt, 404
http://www.regionhalland.se/humans.txt, 404
http://www.epn.se/goeteborg/om-naemnden/humans.txt, 404
http://www.epn.se/linkoeping/om-naemnden/humans.txt, 404
http://www.epn.se/lund/om-naemnden/humans.txt, 404
http://www.epn.se/stockholm/om-naemnden/humans.txt, 404
http://www.epn.se/umeaa/om-naemnden/humans.txt, 404
http://www.epn.se/uppsala/om-naemnden/humans.txt, 404
http://www.revisorsnamnden.se/humans.txt, 404
http://www.riksarkivet.se/humans.txt, 404
http://www.jo.se/humans.txt, 404
http://www.riksgalden.se/humans.txt, 200
http://www.polisen.se/humans.txt, 404
http://www.riksrevisionen.se/humans.txt, 200
http://www.riksutstallningar.se/humans.txt, 404
http://www.robertsfors.se/humans.txt, 404
http://www.ronneby.se/humans.txt, 404
http://www.rymdstyrelsen.se/humans.txt, 404
http://www.domstol.se/rattshjalpsnamnden/humans.txt, 404
http://www.rattshjalp.se/humans.txt, 404
http://www.rmv.se/humans.txt, 404
http://www.rattvik.se/humans.txt, 404
http://www.sameskolstyrelsen.se/humans.txt, 404
http://www.sametinget.se/humans.txt, 404
http://www.sigtuna.se/humans.txt, 404
http://www.ap7.se/humans.txt, 404
http://www.apfond6.se/humans.txt, 404
http://www.sjofartsverket.se/humans.txt, 404
http://www.skara.se/humans.txt, 404
http://www.skaraborgstingsratt.domstol.se/humans.txt, 404
http://www.skatterattsnamnden.se/humans.txt, 404
http://www.skellefteatingsratt.domstol.se/humans.txt, 404
http://www.kammarkollegiet.se/humans.txt, 404
http://www.svo.se/humans.txt, 200
http://www.overklagandenamnden.se/humans.txt, 200
http://www.skurup.se/humans.txt, 404
http://www.smedjebacken.se/humans.txt, 404
http://www.solleftea.se/humans.txt, 404
http://www.solna.se/humans.txt, 404
http://www.solnatingsratt.domstol.se/humans.txt, 404
http://www.sorsele.se/humans.txt, 404
http://www.sotenas.se/humans.txt, 404
http://www.spsm.se/humans.txt, 404
http://www.staffanstorp.se/humans.txt, 404
http://www.statensansvarsnamnd.se/humans.txt, 404
http://www.sbu.se/humans.txt, 404
http://www.arkitekturmuseet.se/humans.txt, 200
http://www.energimyndigheten.se/humans.txt, 404
http://www.sfv.se/humans.txt, 404
http://www.sfhm.se/humans.txt, 200
http://www.swedgeo.se/humans.txt, 200
http://www.havkom.se/humans.txt, 404
http://www.historiska.se/humans.txt, 404
http://www.siun.se/humans.txt, 404
http://www.stat-inst.se/humans.txt, 404
http://www.sjv.se/humans.txt, 404
http://www.statenskonstrad.se/humans.txt, 404
http://www.skl.polisen.se/humans.txt, 404
http://www.kulturradet.se/humans.txt, 404
http://www.maritima.se/humans.txt, 404
http://www.statensmedierad.se/humans.txt, 404
http://www.smvk.se/humans.txt, 200
http://www.smus.se/humans.txt, 404
http://www.statenspersonadressregister.se/humans.txt, 404
http://www.statenssc.se/humans.txt, 404
http://www.kammarkollegiet.se/humans.txt, 404
http://www.skolinspektionen.se/humans.txt, 200
http://www.skolverket.se/humans.txt, 404
http://www.spv.se/humans.txt, 404
http://www.va-namnden.se/humans.txt, 404
http://www.sva.se/humans.txt, 404
http://www.vti.se/humans.txt, 404
http://www.kammarkollegiet.se/statens-oeverklagandenaemnd/humans.txt, 404
http://www.statskontoret.se/humans.txt, 200
http://www.stenungsund.se/humans.txt, 404
http://www.uniarts.se/humans.txt, 404
http://www.sll.se/humans.txt, 404
http://www.stockholmstingsratt.se/humans.txt, 404
http://www.su.se/humans.txt, 404
http://www.storfors.se/humans.txt, 404
http://www.storuman.se/humans.txt, 404
http://www.stromstad.se/humans.txt, 404
http://www.sundsvallstingsratt.se/humans.txt, 404
http://www.surahammar.se/humans.txt, 404
http://www.svalov.se/humans.txt, 404
http://www.svea.se/humans.txt, 404
http://www.svedala.se/humans.txt, 404
http://www.svenljunga.se/humans.txt, 404
http://www.esf.se/humans.txt, 404
http://www.si.se/humans.txt, 404
http://www.sieps.se/humans.txt, 404
http://www.svk.se/humans.txt, 404
http://www.svff.se/humans.txt, 404
http://www.slu.se/humans.txt, 404
http://www.riksbank.se/humans.txt, 404
http://www.saffle.se/humans.txt, 404
http://www.sakint.se/humans.txt, 404
http://www.sakerhetspolisen.se/humans.txt, 200
http://www.sater.se/humans.txt, 404
http://www.savsjo.se/humans.txt, 404
http://www.sodertaljetingsratt.domstol.se/humans.txt, 404
http://webappl.web.sh.se/humans.txt, 200
http://www.sodertornstingsratt.domstol.se/humans.txt, 404
http://www.lfn.se/humans.txt, 520
http://www.tibro.se/humans.txt, 404
http://www.tillvaxtverket.se/humans.txt, 404
http://www.tingsryd.se/humans.txt, 404
http://www.torsas.se/humans.txt, 404
http://www.foi.se/humans.txt, 404
http://www.pliktverket.se/humans.txt, 404
http://www.trafa.se/humans.txt, 404
http://www.tranemo.se/humans.txt, 404
http://www.ap3.se/humans.txt, 404
http://www.trelleborg.se/humans.txt, 404
http://www.trosa.se/humans.txt, 404
http://www.tullverket.se/humans.txt, 404
http://www.tyreso.se/humans.txt, 404
http://www.taby.se/humans.txt, 404
http://www.uddevallatingsratt.domstol.se/humans.txt, 404
http://www.ulricehamn.se/humans.txt, 404
http://www.umeatingsratt.domstol.se/humans.txt, 404
http://www.umu.se/humans.txt, 404
http://www.ungdomsstyrelsen.se/humans.txt, 404
http://www.uhr.se/humans.txt, 404
http://www.uk-ambetet.se/humans.txt, 404
http://www.uu.se/humans.txt, 404
http://www.uppvidinge.se/humans.txt, 404
http://www.vadstena.se/humans.txt, 404
http://www.vaggeryd.se/humans.txt, 404
http://www.valdemarsvik.se/humans.txt, 404
http://www.vallentuna.se/humans.txt, 200
http://www.val.se/humans.txt, 404
http://www.vansbro.se/humans.txt, 404
http://www.varbergstingsratt.domstol.se/humans.txt, 404
http://www.vaxholm.se/humans.txt, 404
http://www.vellinge.se/humans.txt, 404
http://www.vr.se/humans.txt, 404
http://www.vilhelmina.se/humans.txt, 404
http://www.vingaker.se/humans.txt, 404
http://www.vanersborg.se/humans.txt, 404
http://www.vanersborgstingsratt.domstol.se/humans.txt, 404
http://www.vannas.se/humans.txt, 404
http://www.varmlandstingsratt.domstol.se/humans.txt, 404
http://www.varnamo.se/humans.txt, 404
http://www.vll.se/humans.txt, 200
http://www.vastmanlandstingsratt.domstol.se/humans.txt, 404
http://www.vaxjo.se/humans.txt, 404
http://www.vaxjotingsratt.domstol.se/humans.txt, 404
http://www.ydre.se/humans.txt, 404
http://www.aklagare.se/humans.txt, 404
http://www.amal.se/humans.txt, 404
http://www.angermanlandstingsratt.domstol.se/humans.txt, 404
http://www.are.se/humans.txt, 520
http://www.arjang.se/humans.txt, 404
http://www.astorp.se/humans.txt, 404
http://www.atvidaberg.se/humans.txt, 404
http://www.almhult.se/humans.txt, 404
http://www.alvdalen.se/humans.txt, 404
http://www.alvsbyn.se/humans.txt, 404
http://www.ockero.se/humans.txt, 404
http://www.odeshog.se/humans.txt, 404
http://www.orebroll.se/humans.txt, 404
http://www.orebrotingsratt.domstol.se/humans.txt, 404
http://www.orkelljunga.se/humans.txt, 404
http://www.oru.se/humans.txt, 404
http://www.ornskoldsvik.se/humans.txt, 404
http://www.ostersundstingsratt.domstol.se/humans.txt, 404
http://www.osteraker.se/humans.txt, 404
http://www.osthammar.se/humans.txt, 200
http://www.ostragoinge.se/humans.txt, 404
http://www.overkalix.se/humans.txt, 404
http://www.onh.se/humans.txt, 404
http://www.domstol.se/templates/DV_Page.aspx?id=4073/humans.txt, 404
http://www.oks.se/humans.txt, 404
http://www.overtornea.se/humans.txt, 404
