http://www.arbetsformedlingen.se/sitemap.xml, 520
http://www.arvidsjaur.se/sitemap.xml, 404
http://www.berg.se/sitemap.xml, 404
http://www.bolagsverket.se/sitemap.xml, 404
http://www.bollebygd.se/sitemap.xml, 400
http://www.botkyrka.se/sitemap.xml, 404
http://www.boverket.se/sitemap.xml, 404
http://www.bastad.se/sitemap.xml, 403
http://www.csn.se/sitemap.xml, 404
http://www.degerfors.se/sitemap.xml, 404
http://www.dorotea.se/sitemap.xml, 404
http://eskilstuna.se/sitemap.xml, 200
http://www.falkenberg.se/sitemap.xml, 200
http://www.falkoping.se/sitemap.xml, 404
http://www.falun.se/sitemap.xml, 200
http://www.forshaga.se/sitemap.xml, 404
http://www.gnesta.se/sitemap.xml, 404
http://www.grums.se/sitemap.xml, 404
http://www.gullspang.se/sitemap.xml, 200
http://www.gavle.se/sitemap.xml, 200
http://www.gotene.se/sitemap.xml, 200
http://www.halmstad.se/sitemap.xml, 200
http://www.haparanda.se/sitemap.xml, 200
http://www.havochvatten.se/sitemap.xml, 200
http://www.heby.se/sitemap.xml, 404
http://www.helsingborg.se/sitemap.xml, 404
http://www.huddinge.se/sitemap.xml, 404
http://www.hultsfred.se/sitemap.xml, 200
http://www.hylte.se/sitemap.xml, 404
http://www.habo.se/sitemap.xml, 404
http://www.hellefors.se/sitemap.xml, 404
http://www.harnosand.se/sitemap.xml, 200
http://www.hig.se/sitemap.xml, 404
http://www.sofi.se/sitemap.xml, 404
http://www.kalix.se/sitemap.xml, 404
http://www.karlshamn.se/sitemap.xml, 200
http://www.karlskoga.se/sitemap.xml, 404
http://www.karlskrona.se/sitemap.xml, 404
http://www.karlstad.se/sitemap.xml, 404
http://www.kinda.se/sitemap.xml, 404
http://www.konstfack.se/sitemap.xml, 404
http://www.kramfors.se/sitemap.xml, 404
http://www.krokom.se/sitemap.xml, 404
http://www.kb.se/sitemap.xml, 404
http://www.ltkronoberg.se/sitemap.xml, 404
http://www.lantmateriet.se/sitemap.xml, 404
http://www.lekeberg.se/sitemap.xml, 404
http://www.lerum.se/sitemap.xml, 200
http://www.lidingo.se/sitemap.xml, 200
http://www.lidkoping.se/sitemap.xml, 200
http://www.lindesberg.se/sitemap.xml, 404
http://www.linkoping.se/sitemap.xml, 200
http://www.ljungby.se/sitemap.xml, 404
http://www.lulea.se/sitemap.xml, 200
http://www.lund.se/sitemap.xml, 404
http://www.lansstyrelsen.se/blekinge/sitemap.xml, 404
http://www.w.lst.se/sitemap.xml, 404
http://www.lansstyrelsen.se/gavleborg/sitemap.xml, 404
http://www.lansstyrelsen.se/jamtland/sitemap.xml, 404
http://www.lansstyrelsen.se/jonkoping/sitemap.xml, 404
http://www.lansstyrelsen.se/kalmar/sitemap.xml, 404
http://www.lansstyrelsen.se/kronoberg/sitemap.xml, 404
http://www.ab.lst.se/sitemap.xml, 404
http://www.d.lst.se/sitemap.xml, 404
http://www.lansstyrelsen.se/varmland/sitemap.xml, 404
http://www.ac.lst.se/sitemap.xml, 404
http://www.y.lst.se/sitemap.xml, 404
http://www.lansstyrelsen.se/vastragotaland/sitemap.xml, 200
http://www.lansstyrelsen.se/orebro/sitemap.xml, 404
http://www.mariestad.se/sitemap.xml, 200
http://www.migrationsverket.se/sitemap.xml, 404
http://www.msb.se/sitemap.xml, 404
http://www.molndal.se/sitemap.xml, 404
http://www.nacka.se/sitemap.xml, 404
http://www.naturvardsverket.se/sitemap.xml, 404
http://www.norrkoping.se/sitemap.xml, 404
http://www.olofstrom.se/sitemap.xml, 200
http://www.orust.se/sitemap.xml, 200
http://www.oxelosund.se/sitemap.xml, 200
http://www.pensionsmyndigheten.se/sitemap.xml, 404
http://www.pitea.se/sitemap.xml, 200
http://www.pts.se/sitemap.xml, 404
http://www.ragunda.se/sitemap.xml, 404
http://www.gotland.se/sitemap.xml, 404
http://www.skane.se/sitemap.xml, 404
http://www.raa.se/sitemap.xml, 200
http://www.riksdagen.se/sitemap.xml, 200
http://www.sala.se/sitemap.xml, 200
http://www.salem.se/sitemap.xml, 200
http://www.sandviken.se/sitemap.xml, 200
http://www.sida.se/sitemap.xml, 404
http://www.simrishamn.se/sitemap.xml, 404
http://www.sjobo.se/sitemap.xml, 404
http://www.skatteverket.se/sitemap.xml, 404
http://www.skelleftea.se/sitemap.xml, 404
http://www.skinnskatteberg.se/sitemap.xml, 404
http://www.skovde.se/sitemap.xml, 404
http://www.socialstyrelsen.se/sitemap.xml, 404
http://www.sollentuna.se/sitemap.xml, 404
http://www.scb.se/sitemap.xml, 404
http://www.stockholm.se/sitemap.xml, 200
http://www.stralsakerhetsmyndigheten.se/sitemap.xml, 200
http://www.strangnas.se/sitemap.xml, 404
http://www.stromsund.se/sitemap.xml, 404
http://www.swedac.se/sitemap.xml, 200
http://www.sundbyberg.se/sitemap.xml, 404
http://www.sundsvall.se/sitemap.xml, 404
http://www.sunne.se/sitemap.xml, 200
http://www.sgu.se/sitemap.xml, 404
http://www.smhi.se/sitemap.xml, 404
http://www.soderhamn.se/sitemap.xml, 404
http://www.soderkoping.se/sitemap.xml, 404
http://www.sodertalje.se/sitemap.xml, 200
http://www.solvesborg.se/sitemap.xml, 404
http://www.tanum.se/sitemap.xml, 404
http://www.tidaholm.se/sitemap.xml, 404
http://www.tierp.se/sitemap.xml, 200
http://www.timra.se/sitemap.xml, 404
http://www.tjorn.se/sitemap.xml, 404
http://www.tomelilla.se/sitemap.xml, 200
http://www.torsby.se/sitemap.xml, 200
http://www.trafikverket.se/sitemap.xml, 404
http://www.transportstyrelsen.se/sitemap.xml, 404
http://www.tranas.se/sitemap.xml, 200
http://www.trollhattan.se/sitemap.xml, 200
http://www.toreboda.se/sitemap.xml, 200
http://www.uddevalla.se/sitemap.xml, 200
http://www.umea.se/sitemap.xml, 404
http://www.upplandsvasby.se/sitemap.xml, 404
http://www.upplands-bro.se/sitemap.xml, 200
http://www.uppsala.se/sitemap.xml, 404
http://www.vara.se/sitemap.xml, 404
http://www.varberg.se/sitemap.xml, 200
http://www.vinnova.se/sitemap.xml, 404
http://www.vetlanda.se/sitemap.xml, 200
http://www.vimmerby.se/sitemap.xml, 404
http://www.vindeln.se/sitemap.xml, 404
http://www.vargarda.se/sitemap.xml, 200
http://www.varmdo.se/sitemap.xml, 200
http://www.vastervik.se/sitemap.xml, 200
http://www.vasteras.se/sitemap.xml, 404
http://www.vgregion.se/sitemap.xml, 200
http://www.ystad.se/sitemap.xml, 404
http://www.ange.se/sitemap.xml, 404
http://www.asele.se/sitemap.xml, 404
http://www.alvkarleby.se/sitemap.xml, 404
http://www.engelholm.se/sitemap.xml, 404
http://www.orebro.se/sitemap.xml, 404
http://www.ostersund.se/sitemap.xml, 404
http://www.ale.se/sitemap.xml, 200
http://www.alingsas.se/sitemap.xml, 404
http://www.alingsastingsratt.domstol.se/sitemap.xml, 404
http://www.kammarkollegiet.se/rattsavdelningen/alkoholsortimentsnamnden/sitemap.xml, 404
http://www.arn.se/sitemap.xml, 404
http://www.alvesta.se/sitemap.xml, 200
http://www.ap2.se/sitemap.xml, 404
http://www.aneby.se/sitemap.xml, 404
http://www.arbetsdomstolen.se/sitemap.xml, 404
http://www.arbetsgivarverket.se/sitemap.xml, 200
http://www.av.se/sitemap.xml, 200
http://www.arboga.se/sitemap.xml, 200
http://www.arjeplog.se/sitemap.xml, 404
http://www.arvsfonden.se/sitemap.xml, 200
http://www.arvika.se/sitemap.xml, 404
http://www.askersund.se/sitemap.xml, 404
http://www.attundatingsratt.domstol.se/sitemap.xml, 404
http://www.avesta.se/sitemap.xml, 404
http://www.bo.se/sitemap.xml, 404
http://www.bengtsfors.se/sitemap.xml, 404
http://www.bjurholm.se/sitemap.xml, 404
http://www.bjuv.se/sitemap.xml, 404
http://www.bth.se/sitemap.xml, 404
http://www.blekingetingsratt.domstol.se/sitemap.xml, 404
http://www.boden.se/sitemap.xml, 404
http://www.bfn.se/sitemap.xml, 404
http://www.bollnas.se/sitemap.xml, 404
http://www.borgholm.se/sitemap.xml, 200
http://www.borlange.se/sitemap.xml, 404
http://www.boras.se/sitemap.xml, 404
http://www.borastingsratt.domstol.se/sitemap.xml, 404
http://www.boxholm.se/sitemap.xml, 404
http://www.bromolla.se/sitemap.xml, 404
http://www.bra.se/sitemap.xml, 404
http://www.brottsoffermyndigheten.se/sitemap.xml, 404
http://www.bracke.se/sitemap.xml, 404
http://www.burlov.se/sitemap.xml, 404
http://www.epn.se/sitemap.xml, 200
http://www.dalsed.se/sitemap.xml, 404
http://www.danderyd.se/sitemap.xml, 404
http://www.datainspektionen.se/sitemap.xml, 200
http://www.do.se/sitemap.xml, 200
http://www.domstol.se/Om-Sveriges-Domstolar/Domarnamnden/sitemap.xml, 404
http://www.domstol.se/sitemap.xml, 404
http://www.ehalsomyndigheten.se/sitemap.xml, 200
http://www.elegnamnden.se/sitemap.xml, 404
http://www.eda.se/sitemap.xml, 404
http://www.ekero.se/sitemap.xml, 404
http://www.ekobrottsmyndigheten.se/sitemap.xml, 404
http://www.esv.se/sitemap.xml, 200
http://www.eksjo.se/sitemap.xml, 404
http://www.eksjotingsratt.domstol.se/sitemap.xml, 404
http://www.elsakerhetsverket.se/sitemap.xml, 404
http://www.emmaboda.se/sitemap.xml, 200
http://www.energimarknadsinspektionen.se/sitemap.xml, 400
http://www.enkoping.se/sitemap.xml, 404
http://www.ersattningsnamnden.se/sitemap.xml, 520
http://www.eskilstunatingsratt.domstol.se/sitemap.xml, 404
http://www.eslov.se/sitemap.xml, 404
http://www.essunga.se/sitemap.xml, 404
http://www.ekn.se/sitemap.xml, 500
http://www.fagersta.se/sitemap.xml, 404
http://www.falutingsratt.domstol.se/sitemap.xml, 404
http://www.fmi.se/sitemap.xml, 200
http://www.kammarkollegiet.se/rattsavdelningen/fideikommissnamnden/fideikommissnamnden/sitemap.xml, 404
http://www.filipstad.se/sitemap.xml, 404
http://www.fi.se/sitemap.xml, 404
http://www.finanspolitiskaradet.se/sitemap.xml, 200
http://www.finspang.se/sitemap.xml, 200
http://www.ap4.se/sitemap.xml, 200
http://www.flen.se/sitemap.xml, 200
http://www.folkebernadotteacademy.se/sitemap.xml, 200
http://www.folkhalsomyndigheten.se/sitemap.xml, 404
http://www.forskarskattenamnden.se/sitemap.xml, 404
http://www.formas.se/sitemap.xml, 404
http://www.fas.se/sitemap.xml, 200
http://www.fortv.se/sitemap.xml, 404
http://www.levandehistoria.se/sitemap.xml, 404
http://www.fargelanda.se/sitemap.xml, 200
http://www.ap1.se/sitemap.xml, 404
http://www.fmv.se/sitemap.xml, 200
http://www.fra.se/sitemap.xml, 404
http://www.fxm.se/sitemap.xml, 404
http://www.fhs.se/sitemap.xml, 404
http://www.forsvarsmakten.se/sitemap.xml, 200
http://www.undom.se/sitemap.xml, 404
http://www.forsakringskassan.se/sitemap.xml, 404
http://www.lansrattenigoteborg.domstol.se/sitemap.xml, 200
http://www.lansrattenivasternorrland.domstol.se/sitemap.xml, 200
http://www.lansrattenijonkoping.domstol.se/sitemap.xml, 200
http://www.lansrattenivarmland.domstol.se/sitemap.xml, 200
http://www.forvaltningsrattenilinkoping.domstol.se/sitemap.xml, 404
http://www.lansratteninorrbotten.domstol.se/sitemap.xml, 200
http://www.lansratteniskane.domstol.se/sitemap.xml, 200
http://www.lansrattenistockholm.domstol.se/sitemap.xml, 200
http://www.forvaltningsratteniumea.domstol.se/sitemap.xml, 404
http://www.lansratteniuppsala.domstol.se/sitemap.xml, 200
http://www.forvaltningsrattenivaxjo.domstol.se/sitemap.xml, 404
http://www.gagnef.se/sitemap.xml, 404
http://www.genteknik.se/sitemap.xml, 404
http://www.gislaved.se/sitemap.xml, 404
http://www.gnosjo.se/sitemap.xml, 404
http://www.gotlandstingsratt.domstol.se/sitemap.xml, 404
http://www.grastorp.se/sitemap.xml, 200
http://www.gih.se/sitemap.xml, 404
http://www.gellivare.se/sitemap.xml, 404
http://www.gavletingsratt.domstol.se/sitemap.xml, 404
http://www.gotahovratt.se/sitemap.xml, 404
http://www.goteborg.se/sitemap.xml, 200
http://www.goteborgstingsratt.domstol.se/sitemap.xml, 404
http://www.gu.se/sitemap.xml, 404
http://www.habokommun.se/sitemap.xml, 404
http://www.hagfors.se/sitemap.xml, 404
http://www.hallsberg.se/sitemap.xml, 200
http://www.hallstahammar.se/sitemap.xml, 404
http://www.halmstadstingsratt.domstol.se/sitemap.xml, 404
http://www.hammaro.se/sitemap.xml, 404
http://www.haninge.se/sitemap.xml, 404
http://www.harpsund.se/sitemap.xml, 200
http://www.hedemora.se/sitemap.xml, 404
http://www.helsingborgstingsratt.domstol.se/sitemap.xml, 404
http://www.herrljunga.se/sitemap.xml, 404
http://www.hjo.se/sitemap.xml, 200
http://www.hofors.se/sitemap.xml, 404
http://www.hovrattenfornedrenorrland.se/sitemap.xml, 404
http://www.hovrattenskaneblekinge.domstol.se/sitemap.xml, 404
http://www.vastrahovratten.domstol.se/sitemap.xml, 404
http://www.hovrattenovrenorrland.domstol.se/sitemap.xml, 404
http://www.hudiksvall.se/sitemap.xml, 404
http://www.hudiksvallstingsratt.domstol.se/sitemap.xml, 404
http://www.hyresnamnden.se/sitemap.xml, 404
http://www.hsan.se/sitemap.xml, 200
http://www.herjedalen.se/sitemap.xml, 404
http://www.harryda.se/sitemap.xml, 404
http://www.hassleholm.se/sitemap.xml, 404
http://www.hassleholmstingsratt.domstol.se/sitemap.xml, 404
http://www.hoganas.se/sitemap.xml, 404
http://www.hogsby.se/sitemap.xml, 404
http://www.du.se/sitemap.xml, 404
http://www.hb.se/sitemap.xml, 200
http://www.hh.se/sitemap.xml, 200
http://www.his.se/sitemap.xml, 200
http://www.hkr.se/sitemap.xml, 200
http://www.hv.se/sitemap.xml, 200
http://www.hogstadomstolen.se/sitemap.xml, 404
http://www.regeringsratten.se/sitemap.xml, 404
http://www.horby.se/sitemap.xml, 404
http://www.hoor.se/sitemap.xml, 200
http://www.ilo.org/sitemap.xml, 404
http://www.iaf.se/sitemap.xml, 404
http://www.inspsf.se/sitemap.xml, 404
http://www.isp.se/sitemap.xml, 200
http://www.ivo.se/sitemap.xml, 404
http://www.ifau.se/sitemap.xml, 404
http://www.irf.se/sitemap.xml, 404
http://www.programkontoret.se/sitemap.xml, 520
http://www.jokkmokk.se/sitemap.xml, 404
http://www.justitiekanslern.se/sitemap.xml, 200
http://www.jll.se/sitemap.xml, 404
http://www.jarfalla.se/sitemap.xml, 200
http://www.jonkoping.se/sitemap.xml, 200
http://www.jonkopingstingsratt.domstol.se/sitemap.xml, 404
http://www.kalmar.se/sitemap.xml, 404
http://www.kalmartingsratt.domstol.se/sitemap.xml, 404
http://www.kammarkollegiet.se/sitemap.xml, 404
http://www.kammarratten.goteborg.se/sitemap.xml, 404
http://www.kammarrattenijonkoping.domstol.se/sitemap.xml, 404
http://www.kammarrattenistockholm.domstol.se/sitemap.xml, 404
http://www.kammarrattenisundsvall.se/sitemap.xml, 404
http://www.karlsborg.se/sitemap.xml, 200
http://www.kau.se/sitemap.xml, 404
http://www.ki.se/sitemap.xml, 200
http://www.katrineholm.se/sitemap.xml, 200
http://www.kemi.se/sitemap.xml, 404
http://www.kil.se/sitemap.xml, 200
http://www.kommun.kiruna.se/sitemap.xml, 404
http://www.klippan.se/sitemap.xml, 404
http://www.knivsta.se/sitemap.xml, 404
http://www.kommers.se/sitemap.xml, 200
http://www.konj.se/sitemap.xml, 200
http://www.konkurrensverket.se/sitemap.xml, 404
http://www.konstnarsnamnden.se/sitemap.xml, 404
http://www.konsumentverket.se/sitemap.xml, 200
http://www.kriminalvarden.se/sitemap.xml, 404
http://www.kristianstad.se/sitemap.xml, 404
http://www.kristianstadstingsratt.domstol.se/sitemap.xml, 404
http://www.kristinehamn.se/sitemap.xml, 200
http://www.kronofogden.se/sitemap.xml, 404
http://www.kumla.se/sitemap.xml, 200
http://www.kkh.se/sitemap.xml, 404
http://www.kmh.se/sitemap.xml, 401
http://www.kth.se/sitemap.xml, 404
http://www.kungsbacka.se/sitemap.xml, 404
http://www.kungsor.se/sitemap.xml, 200
http://www.kungalv.se/sitemap.xml, 200
http://www.kustbevakningen.se/sitemap.xml, 404
http://www.karnavfallsfonden.se/sitemap.xml, 404
http://www.kavlinge.se/sitemap.xml, 404
http://www.koping.se/sitemap.xml, 404
http://www.lagradet.se/sitemap.xml, 404
http://www.laholm.se/sitemap.xml, 404
http://www.landskrona.se/sitemap.xml, 200
http://www.ltblekinge.se/sitemap.xml, 404
http://www.ltdalarna.se/sitemap.xml, 404
http://www.lg.se/sitemap.xml, 200
http://www.lj.se/sitemap.xml, 404
http://www.ltkalmar.se/sitemap.xml, 404
http://www.lul.se/sitemap.xml, 404
http://www.liv.se/sitemap.xml, 200
http://www.lio.se/sitemap.xml, 404
http://www.landstingetsormland.se/sitemap.xml, 404
http://www.lvn.se/sitemap.xml, 200
http://www.ltv.se/sitemap.xml, 404
http://www.laxa.se/sitemap.xml, 200
http://www.leksand.se/sitemap.xml, 404
http://www.lessebo.se/sitemap.xml, 404
http://www.lillaedet.se/sitemap.xml, 520
http://www.linkopingstingsratt.domstol.se/sitemap.xml, 404
http://www.liu.se/sitemap.xml, 404
http://www.linneuniversitetet.se/sitemap.xml, 520
http://www.lsh.se/sitemap.xml, 404
http://www.slv.se/sitemap.xml, 200
http://www.ljusdal.se/sitemap.xml, 404
http://www.ljusnarsberg.se/sitemap.xml, 404
http://www.lomma.se/sitemap.xml, 404
http://www.lotteriinspektionen.se/sitemap.xml, 404
http://www.ludvika.se/sitemap.xml, 404
http://www.lfv.se/sitemap.xml, 200
http://www.ltu.se/sitemap.xml, 404
http://www.lundstingsratt.domstol.se/sitemap.xml, 404
http://www.lu.se/sitemap.xml, 200
http://www.lycksele.se/sitemap.xml, 404
http://www.lyckseletingsratt.domstol.se/sitemap.xml, 404
http://www.lysekil.se/sitemap.xml, 200
http://www.lakemedelsverket.se/sitemap.xml, 404
http://www.lansstyrelsen.se/gotland/sitemap.xml, 404
http://www.lansstyrelsen.se/halland/sitemap.xml, 404
http://www.bd.lst.se/sitemap.xml, 404
http://www.lansstyrelsen.se/skane/sitemap.xml, 404
http://www.lansstyrelsen.se/uppsala/sitemap.xml, 404
http://www.lansstyrelsen.se/vastmanland/sitemap.xml, 404
http://www.lansstyrelsen.se/ostergotland/sitemap.xml, 404
http://www.mah.se/sitemap.xml, 404
http://www.malmo.se/sitemap.xml, 200
http://www.malmotingsratt.domstol.se/sitemap.xml, 404
http://www.malung-salen.se/sitemap.xml, 404
http://www.mala.se/sitemap.xml, 404
http://www.markaryd.se/sitemap.xml, 200
http://www.marknadsdomstolen.se/sitemap.xml, 404
http://www.mark.se/sitemap.xml, 404
http://www.mi.se/sitemap.xml, 404
http://www.mellerud.se/sitemap.xml, 404
http://www.miun.se/sitemap.xml, 200
http://www.mjolby.se/sitemap.xml, 404
http://www.modernamuseet.se/sitemap.xml, 404
http://www.mora.se/sitemap.xml, 404
http://www.moratingsratt.domstol.se/sitemap.xml, 404
http://www.motala.se/sitemap.xml, 403
http://www.mullsjo.se/sitemap.xml, 404
http://www.munkedal.se/sitemap.xml, 200
http://www.munkfors.se/sitemap.xml, 200
http://www.mfd.se/sitemap.xml, 404
http://www.mia.eu/sitemap.xml, 404
http://www.kulturanalys.se/sitemap.xml, 404
http://www.radioochtv.se/sitemap.xml, 404
http://www.mtm.se/sitemap.xml, 404
http://www.tillvaxtanalys.se/sitemap.xml, 200
http://www.vardanalys.se/sitemap.xml, 200
http://www.yhmyndigheten.se/sitemap.xml, 520
http://www.mdh.se/sitemap.xml, 404
http://www.monsteras.se/sitemap.xml, 200
http://www.morbylanga.se/sitemap.xml, 404
http://www.nackatingsratt.domstol.se/sitemap.xml, 404
http://www.nationalmuseum.se/sitemap.xml, 404
http://www.nrm.se/sitemap.xml, 404
http://www.nora.se/sitemap.xml, 404
http://www.norberg.se/sitemap.xml, 404
http://www.nordanstig.se/sitemap.xml, 200
http://www.nai.uu.se/sitemap.xml, 200
http://www.nordmaling.se/sitemap.xml, 404
http://www.nll.se/sitemap.xml, 404
http://www.norrkopingstingsratt.domstol.se/sitemap.xml, 404
http://www.norrtalje.se/sitemap.xml, 200
http://www.norrtaljetingsratt.domstol.se/sitemap.xml, 404
http://www.norsjo.se/sitemap.xml, 404
http://www.domstol.se/templates/DV_InfoPage.aspx?id=3805/sitemap.xml, 404
http://www.nybro.se/sitemap.xml, 404
http://www.nykvarn.se/sitemap.xml, 404
http://www.nykoping.se/sitemap.xml, 200
http://www.nykopingstingsratt.domstol.se/sitemap.xml, 404
http://www.nynashamn.se/sitemap.xml, 200
http://www.nfh.se/sitemap.xml, 404
http://www.sst.a.se/sitemap.xml, 404
http://www.namndenmotdiskriminering.se/sitemap.xml, 200
http://www.nassjo.se/sitemap.xml, 404
http://www.ockelbo.se/sitemap.xml, 404
http://www.orsa.se/sitemap.xml, 404
http://www.osby.se/sitemap.xml, 404
http://www.oskarshamn.se/sitemap.xml, 404
http://www.ovanaker.se/sitemap.xml, 404
http://www.pajala.se/sitemap.xml, 404
http://www.pbr.se/sitemap.xml, 404
http://www.partille.se/sitemap.xml, 404
http://www.prv.se/sitemap.xml, 404
http://www.perstorp.se/sitemap.xml, 404
http://www.polar.se/sitemap.xml, 200
http://www.polisen.se/vasternorrland/sitemap.xml, 200
http://www.polisen.se/blekinge/sitemap.xml, 200
http://www.polisen.se/dalarna/sitemap.xml, 200
http://www.polisen.se/Gotlands_lan/sitemap.xml, 200
http://www.polisen.se/Gavleborg/sitemap.xml, 200
http://www.polisen.se/halland/sitemap.xml, 200
http://www.polisen.se/jamtland/sitemap.xml, 200
http://www.polisen.se/jonkoping/sitemap.xml, 404
http://www.polisen.se/kalmar/sitemap.xml, 404
http://www.polisen.se/kronoberg/sitemap.xml, 200
http://www.polisen.se/norrbotten/sitemap.xml, 200
http://www.polisen.se/skane/sitemap.xml, 200
http://www.polisen.se/sodermanland/sitemap.xml, 200
http://www.polisen.se/uppsala/sitemap.xml, 404
http://www.polisen.se/varmland/sitemap.xml, 200
http://www.polisen.se/vasterbotten/sitemap.xml, 200
http://www.polisen.se/vastmanland/sitemap.xml, 200
http://www.polisen.se/Vastra_Gotaland/sitemap.xml, 200
http://www.polisen.se/Orebro_lan/sitemap.xml, 200
http://www.polisen.se/ostergotland/sitemap.xml, 200
http://www.presstodsnamnden.se/sitemap.xml, 520
http://www.regeringen.se/sitemap.xml, 404
http://www.regionhalland.se/sitemap.xml, 404
http://www.epn.se/goeteborg/om-naemnden/sitemap.xml, 200
http://www.epn.se/linkoeping/om-naemnden/sitemap.xml, 200
http://www.epn.se/lund/om-naemnden/sitemap.xml, 200
http://www.epn.se/stockholm/om-naemnden/sitemap.xml, 200
http://www.epn.se/umeaa/om-naemnden/sitemap.xml, 200
http://www.epn.se/uppsala/om-naemnden/sitemap.xml, 200
http://www.revisorsnamnden.se/sitemap.xml, 404
http://www.riksarkivet.se/sitemap.xml, 404
http://www.jo.se/sitemap.xml, 404
http://www.riksgalden.se/sitemap.xml, 200
http://www.polisen.se/sitemap.xml, 200
http://www.riksrevisionen.se/sitemap.xml, 200
http://www.riksutstallningar.se/sitemap.xml, 404
http://www.robertsfors.se/sitemap.xml, 404
http://www.ronneby.se/sitemap.xml, 404
http://www.rymdstyrelsen.se/sitemap.xml, 404
http://www.domstol.se/rattshjalpsnamnden/sitemap.xml, 404
http://www.rattshjalp.se/sitemap.xml, 404
http://www.rmv.se/sitemap.xml, 200
http://www.rattvik.se/sitemap.xml, 200
http://www.sameskolstyrelsen.se/sitemap.xml, 200
http://www.sametinget.se/sitemap.xml, 404
http://www.sigtuna.se/sitemap.xml, 404
http://www.ap7.se/sitemap.xml, 404
http://www.apfond6.se/sitemap.xml, 404
http://www.sjofartsverket.se/sitemap.xml, 200
http://www.skara.se/sitemap.xml, 404
http://www.skaraborgstingsratt.domstol.se/sitemap.xml, 404
http://www.skatterattsnamnden.se/sitemap.xml, 404
http://www.skellefteatingsratt.domstol.se/sitemap.xml, 404
http://www.kammarkollegiet.se/sitemap.xml, 404
http://www.svo.se/sitemap.xml, 200
http://www.overklagandenamnden.se/sitemap.xml, 200
http://www.skurup.se/sitemap.xml, 404
http://www.smedjebacken.se/sitemap.xml, 404
http://www.solleftea.se/sitemap.xml, 404
http://www.solna.se/sitemap.xml, 404
http://www.solnatingsratt.domstol.se/sitemap.xml, 404
http://www.sorsele.se/sitemap.xml, 404
http://www.sotenas.se/sitemap.xml, 200
http://www.spsm.se/sitemap.xml, 200
http://www.staffanstorp.se/sitemap.xml, 404
http://www.statensansvarsnamnd.se/sitemap.xml, 404
http://www.sbu.se/sitemap.xml, 404
http://www.arkitekturmuseet.se/sitemap.xml, 200
http://www.energimyndigheten.se/sitemap.xml, 200
http://www.sfv.se/sitemap.xml, 404
http://www.sfhm.se/sitemap.xml, 200
http://www.swedgeo.se/sitemap.xml, 404
http://www.havkom.se/sitemap.xml, 404
http://www.historiska.se/sitemap.xml, 404
http://www.siun.se/sitemap.xml, 404
http://www.stat-inst.se/sitemap.xml, 404
http://www.sjv.se/sitemap.xml, 200
http://www.statenskonstrad.se/sitemap.xml, 404
http://www.skl.polisen.se/sitemap.xml, 200
http://www.kulturradet.se/sitemap.xml, 404
http://www.maritima.se/sitemap.xml, 404
http://www.statensmedierad.se/sitemap.xml, 200
http://www.smvk.se/sitemap.xml, 200
http://www.smus.se/sitemap.xml, 404
http://www.statenspersonadressregister.se/sitemap.xml, 404
http://www.statenssc.se/sitemap.xml, 404
http://www.kammarkollegiet.se/sitemap.xml, 404
http://www.skolinspektionen.se/sitemap.xml, 200
http://www.skolverket.se/sitemap.xml, 404
http://www.spv.se/sitemap.xml, 404
http://www.va-namnden.se/sitemap.xml, 404
http://www.sva.se/sitemap.xml, 404
http://www.vti.se/sitemap.xml, 200
http://www.kammarkollegiet.se/statens-oeverklagandenaemnd/sitemap.xml, 404
http://www.statskontoret.se/sitemap.xml, 200
http://www.stenungsund.se/sitemap.xml, 404
http://www.uniarts.se/sitemap.xml, 404
http://www.sll.se/sitemap.xml, 500
http://www.stockholmstingsratt.se/sitemap.xml, 404
http://www.su.se/sitemap.xml, 404
http://www.storfors.se/sitemap.xml, 404
http://www.storuman.se/sitemap.xml, 404
http://www.stromstad.se/sitemap.xml, 404
http://www.sundsvallstingsratt.se/sitemap.xml, 404
http://www.surahammar.se/sitemap.xml, 404
http://www.svalov.se/sitemap.xml, 200
http://www.svea.se/sitemap.xml, 404
http://www.svedala.se/sitemap.xml, 404
http://www.svenljunga.se/sitemap.xml, 404
http://www.esf.se/sitemap.xml, 404
http://www.si.se/sitemap.xml, 200
http://www.sieps.se/sitemap.xml, 404
http://www.svk.se/sitemap.xml, 404
http://www.svff.se/sitemap.xml, 404
http://www.slu.se/sitemap.xml, 200
http://www.riksbank.se/sitemap.xml, 404
http://www.saffle.se/sitemap.xml, 404
http://www.sakint.se/sitemap.xml, 404
http://www.sakerhetspolisen.se/sitemap.xml, 200
http://www.sater.se/sitemap.xml, 404
http://www.savsjo.se/sitemap.xml, 200
http://www.sodertaljetingsratt.domstol.se/sitemap.xml, 404
http://webappl.web.sh.se/sitemap.xml, 200
http://www.sodertornstingsratt.domstol.se/sitemap.xml, 404
http://www.lfn.se/sitemap.xml, 520
http://www.tibro.se/sitemap.xml, 404
http://www.tillvaxtverket.se/sitemap.xml, 200
http://www.tingsryd.se/sitemap.xml, 404
http://www.torsas.se/sitemap.xml, 200
http://www.foi.se/sitemap.xml, 200
http://www.pliktverket.se/sitemap.xml, 404
http://www.trafa.se/sitemap.xml, 200
http://www.tranemo.se/sitemap.xml, 404
http://www.ap3.se/sitemap.xml, 200
http://www.trelleborg.se/sitemap.xml, 404
http://www.trosa.se/sitemap.xml, 404
http://www.tullverket.se/sitemap.xml, 200
http://www.tyreso.se/sitemap.xml, 404
http://www.taby.se/sitemap.xml, 404
http://www.uddevallatingsratt.domstol.se/sitemap.xml, 404
http://www.ulricehamn.se/sitemap.xml, 404
http://www.umeatingsratt.domstol.se/sitemap.xml, 404
http://www.umu.se/sitemap.xml, 403
http://www.ungdomsstyrelsen.se/sitemap.xml, 200
http://www.uhr.se/sitemap.xml, 200
http://www.uk-ambetet.se/sitemap.xml, 200
http://www.uu.se/sitemap.xml, 404
http://www.uppvidinge.se/sitemap.xml, 404
http://www.vadstena.se/sitemap.xml, 200
http://www.vaggeryd.se/sitemap.xml, 200
http://www.valdemarsvik.se/sitemap.xml, 404
http://www.vallentuna.se/sitemap.xml, 200
http://www.val.se/sitemap.xml, 404
http://www.vansbro.se/sitemap.xml, 200
http://www.varbergstingsratt.domstol.se/sitemap.xml, 404
http://www.vaxholm.se/sitemap.xml, 404
http://www.vellinge.se/sitemap.xml, 404
http://www.vr.se/sitemap.xml, 200
http://www.vilhelmina.se/sitemap.xml, 404
http://www.vingaker.se/sitemap.xml, 200
http://www.vanersborg.se/sitemap.xml, 404
http://www.vanersborgstingsratt.domstol.se/sitemap.xml, 404
http://www.vannas.se/sitemap.xml, 404
http://www.varmlandstingsratt.domstol.se/sitemap.xml, 404
http://www.varnamo.se/sitemap.xml, 200
http://www.vll.se/sitemap.xml, 200
http://www.vastmanlandstingsratt.domstol.se/sitemap.xml, 404
http://www.vaxjo.se/sitemap.xml, 404
http://www.vaxjotingsratt.domstol.se/sitemap.xml, 404
http://www.ydre.se/sitemap.xml, 404
http://www.aklagare.se/sitemap.xml, 404
http://www.amal.se/sitemap.xml, 404
http://www.angermanlandstingsratt.domstol.se/sitemap.xml, 404
http://www.are.se/sitemap.xml, 520
http://www.arjang.se/sitemap.xml, 404
http://www.astorp.se/sitemap.xml, 200
http://www.atvidaberg.se/sitemap.xml, 404
http://www.almhult.se/sitemap.xml, 404
http://www.alvdalen.se/sitemap.xml, 404
http://www.alvsbyn.se/sitemap.xml, 200
http://www.ockero.se/sitemap.xml, 404
http://www.odeshog.se/sitemap.xml, 404
http://www.orebroll.se/sitemap.xml, 404
http://www.orebrotingsratt.domstol.se/sitemap.xml, 404
http://www.orkelljunga.se/sitemap.xml, 200
http://www.oru.se/sitemap.xml, 404
http://www.ornskoldsvik.se/sitemap.xml, 404
http://www.ostersundstingsratt.domstol.se/sitemap.xml, 404
http://www.osteraker.se/sitemap.xml, 404
http://www.osthammar.se/sitemap.xml, 200
http://www.ostragoinge.se/sitemap.xml, 404
http://www.overkalix.se/sitemap.xml, 404
http://www.onh.se/sitemap.xml, 404
http://www.domstol.se/templates/DV_Page.aspx?id=4073/sitemap.xml, 404
http://www.oks.se/sitemap.xml, 404
http://www.overtornea.se/sitemap.xml, 404
